{"level":"info","message":"Server is running on port 3005 in production mode","service":"git-commit-tracker","timestamp":"2026-03-25T04:43:23.327Z"}
{"level":"info","message":"Listening for Webhooks at: http://localhost:3005/webhook/git","service":"git-commit-tracker","timestamp":"2026-03-25T04:43:23.328Z"}
{"level":"info","message":"Server is running on port 3005 in production mode","service":"git-commit-tracker","timestamp":"2026-03-25T04:43:42.154Z"}
{"level":"info","message":"Listening for Webhooks at: http://localhost:3005/webhook/git","service":"git-commit-tracker","timestamp":"2026-03-25T04:43:42.155Z"}
{"level":"info","message":"Server is running on port 3005 in production mode","service":"git-commit-tracker","timestamp":"2026-03-25T04:43:55.421Z"}
{"level":"info","message":"Listening for Webhooks at: http://localhost:3005/webhook/git","service":"git-commit-tracker","timestamp":"2026-03-25T04:43:55.422Z"}
{"level":"info","message":"Server is running on port 3005 in production mode","service":"git-commit-tracker","timestamp":"2026-03-25T04:44:04.960Z"}
{"level":"info","message":"Listening for Webhooks at: http://localhost:3005/webhook/git","service":"git-commit-tracker","timestamp":"2026-03-25T04:44:04.961Z"}
{"level":"info","message":"Server is running on port 3005 in production mode","service":"git-commit-tracker","timestamp":"2026-03-25T04:44:12.332Z"}
{"level":"info","message":"Listening for Webhooks at: http://localhost:3005/webhook/git","service":"git-commit-tracker","timestamp":"2026-03-25T04:44:12.333Z"}
{"level":"info","message":"Server is running on port 3005 in production mode","service":"git-commit-tracker","timestamp":"2026-03-25T04:44:19.803Z"}
{"level":"info","message":"Listening for Webhooks at: http://localhost:3005/webhook/git","service":"git-commit-tracker","timestamp":"2026-03-25T04:44:19.804Z"}
{"level":"info","message":"Server is running on port 3005 in production mode","service":"git-commit-tracker","timestamp":"2026-03-25T04:44:26.219Z"}
{"level":"info","message":"Listening for Webhooks at: http://localhost:3005/webhook/git","service":"git-commit-tracker","timestamp":"2026-03-25T04:44:26.220Z"}
{"level":"info","message":"Server is running on port 3005 in production mode","service":"git-commit-tracker","timestamp":"2026-03-25T04:44:32.843Z"}
{"level":"info","message":"Listening for Webhooks at: http://localhost:3005/webhook/git","service":"git-commit-tracker","timestamp":"2026-03-25T04:44:32.844Z"}
{"level":"info","message":"Server is running on port 3005 in production mode","service":"git-commit-tracker","timestamp":"2026-03-25T04:44:42.700Z"}
{"level":"info","message":"Listening for Webhooks at: http://localhost:3005/webhook/git","service":"git-commit-tracker","timestamp":"2026-03-25T04:44:42.701Z"}
{"level":"info","message":"Server is running on port 3005 in production mode","service":"git-commit-tracker","timestamp":"2026-03-25T04:48:28.310Z"}
{"level":"info","message":"Listening for Webhooks at: http://localhost:3005/webhook/git","service":"git-commit-tracker","timestamp":"2026-03-25T04:48:28.311Z"}
{"level":"info","message":"Server is running on port 3005 in production mode","service":"git-commit-tracker","timestamp":"2026-03-25T04:48:41.761Z"}
{"level":"info","message":"Listening for Webhooks at: http://localhost:3005/webhook/git","service":"git-commit-tracker","timestamp":"2026-03-25T04:48:41.762Z"}
{"level":"info","message":"Server is running on port 3005 in production mode","service":"git-commit-tracker","timestamp":"2026-03-25T04:48:49.081Z"}
{"level":"info","message":"Listening for Webhooks at: http://localhost:3005/webhook/git","service":"git-commit-tracker","timestamp":"2026-03-25T04:48:49.082Z"}
{"level":"info","message":"Server is running on port 3005 in production mode","service":"git-commit-tracker","timestamp":"2026-03-25T04:48:58.364Z"}
{"level":"info","message":"Listening for Webhooks at: http://localhost:3005/webhook/git","service":"git-commit-tracker","timestamp":"2026-03-25T04:48:58.364Z"}
{"level":"info","message":"Server is running on port 3005 in production mode","service":"git-commit-tracker","timestamp":"2026-03-25T04:49:09.791Z"}
{"level":"info","message":"Listening for Webhooks at: http://localhost:3005/webhook/git","service":"git-commit-tracker","timestamp":"2026-03-25T04:49:09.793Z"}
{"level":"info","message":"Server is running on port 3005 in production mode","service":"git-commit-tracker","timestamp":"2026-03-25T04:49:16.091Z"}
{"level":"info","message":"Listening for Webhooks at: http://localhost:3005/webhook/git","service":"git-commit-tracker","timestamp":"2026-03-25T04:49:16.092Z"}
{"level":"info","message":"Server is running on port 3005 in production mode","service":"git-commit-tracker","timestamp":"2026-03-25T04:49:24.772Z"}
{"level":"info","message":"Listening for Webhooks at: http://localhost:3005/webhook/git","service":"git-commit-tracker","timestamp":"2026-03-25T04:49:24.773Z"}
{"level":"info","message":"Incoming Webhook Push Event received","service":"git-commit-tracker","timestamp":"2026-03-25T04:50:00.330Z"}
{"level":"info","message":"--- Inside processPushPayload ---","service":"git-commit-tracker","timestamp":"2026-03-25T04:50:00.333Z"}
{"level":"info","message":"Found 1 commits in payload.","service":"git-commit-tracker","timestamp":"2026-03-25T04:50:00.333Z"}
{"level":"warn","message":"GITHUB_TOKEN not provided or invalid. Skipping detailed fetch for commit 185fb7e981a134894b98dafa0536fee2e3a98fc9","service":"git-commit-tracker","timestamp":"2026-03-25T04:50:00.333Z"}
{"level":"info","message":"::1 - - [25/Mar/2026:04:50:00 +0000] \"POST /webhook/git HTTP/1.1\" 202 59 \"-\" \"GitHub-Hookshot/ea963ee\"","service":"git-commit-tracker","timestamp":"2026-03-25T04:50:00.334Z"}
{"level":"info","message":"Successfully wrote 1 new rows to SURYACON_MOBILE_APPLICATION_2026-03.xlsx","service":"git-commit-tracker","timestamp":"2026-03-25T04:50:00.367Z"}
{"level":"info","message":"Server is running on port 3005 in production mode","service":"git-commit-tracker","timestamp":"2026-03-25T04:50:09.300Z"}
{"level":"info","message":"Listening for Webhooks at: http://localhost:3005/webhook/git","service":"git-commit-tracker","timestamp":"2026-03-25T04:50:09.301Z"}
{"level":"info","message":"Server is running on port 3005 in production mode","service":"git-commit-tracker","timestamp":"2026-03-25T04:50:46.860Z"}
{"level":"info","message":"Listening for Webhooks at: http://localhost:3005/webhook/git","service":"git-commit-tracker","timestamp":"2026-03-25T04:50:46.861Z"}
{"level":"info","message":"Server is running on port 3005 in production mode","service":"git-commit-tracker","timestamp":"2026-03-25T04:52:04.258Z"}
{"level":"info","message":"Listening for Webhooks at: http://localhost:3005/webhook/git","service":"git-commit-tracker","timestamp":"2026-03-25T04:52:04.259Z"}
{"level":"info","message":"Server is running on port 3005 in production mode","service":"git-commit-tracker","timestamp":"2026-03-25T04:52:38.931Z"}
{"level":"info","message":"Listening for Webhooks at: http://localhost:3005/webhook/git","service":"git-commit-tracker","timestamp":"2026-03-25T04:52:38.932Z"}
{"level":"info","message":"::1 - - [25/Mar/2026:04:53:05 +0000] \"GET /api/v1/downloadimage/getimage?key=public/ProjectImages/sahilsendsd.jpg-1757329478364-17076.jpeg HTTP/1.1\" 404 168 \"-\" \"SURYACON/12 CFNetwork/3860.300.31 Darwin/25.1.0\"","service":"git-commit-tracker","timestamp":"2026-03-25T04:53:05.494Z"}
{"level":"info","message":"::1 - - [25/Mar/2026:04:53:05 +0000] \"GET /api/v1/downloadimage/getimage?key=public/ProjectImages/unnamed%20(1).jpg-1767702018803-23089.jpeg HTTP/1.1\" 404 168 \"-\" \"SURYACON/12 CFNetwork/3860.300.31 Darwin/25.1.0\"","service":"git-commit-tracker","timestamp":"2026-03-25T04:53:05.496Z"}
{"level":"info","message":"::1 - - [25/Mar/2026:04:53:05 +0000] \"GET /api/v1/downloadimage/getimage?key=public/ProjectImages/sahilsendsd.jpg-1757329478364-17076.jpeg HTTP/1.1\" 404 168 \"-\" \"SURYACON/12 CFNetwork/3860.300.31 Darwin/25.1.0\"","service":"git-commit-tracker","timestamp":"2026-03-25T04:53:05.584Z"}
{"level":"info","message":"::1 - - [25/Mar/2026:04:53:07 +0000] \"POST /api/v1/billingmaster/ProjectData/contractor/get-contractors-by-project HTTP/1.1\" 404 210 \"-\" \"SURYACON/12 CFNetwork/3860.300.31 Darwin/25.1.0\"","service":"git-commit-tracker","timestamp":"2026-03-25T04:53:07.141Z"}
{"level":"info","message":"::1 - - [25/Mar/2026:04:53:07 +0000] \"GET /api/v1/siteengineer/695ea1ee922f177c323b690c/method-details HTTP/1.1\" 404 198 \"-\" \"SURYACON/12 CFNetwork/3860.300.31 Darwin/25.1.0\"","service":"git-commit-tracker","timestamp":"2026-03-25T04:53:07.948Z"}
{"level":"info","message":"::1 - - [25/Mar/2026:04:53:14 +0000] \"GET /api/v1/downloadimage/getimage?key=public/ProjectImages/sahilsendsd.jpg-1757329478364-17076.jpeg HTTP/1.1\" 404 168 \"-\" \"SURYACON/12 CFNetwork/3860.300.31 Darwin/25.1.0\"","service":"git-commit-tracker","timestamp":"2026-03-25T04:53:14.523Z"}
{"level":"info","message":"::1 - - [25/Mar/2026:04:53:14 +0000] \"GET /api/v1/downloadimage/getimage?key=public/ProjectImages/unnamed%20(1).jpg-1767702018803-23089.jpeg HTTP/1.1\" 404 168 \"-\" \"SURYACON/12 CFNetwork/3860.300.31 Darwin/25.1.0\"","service":"git-commit-tracker","timestamp":"2026-03-25T04:53:14.524Z"}
{"level":"info","message":"::1 - - [25/Mar/2026:04:53:14 +0000] \"GET /api/v1/downloadimage/getimage?key=public/ProjectImages/sahilsendsd.jpg-1757329478364-17076.jpeg HTTP/1.1\" 404 168 \"-\" \"SURYACON/12 CFNetwork/3860.300.31 Darwin/25.1.0\"","service":"git-commit-tracker","timestamp":"2026-03-25T04:53:14.655Z"}
{"level":"info","message":"::1 - - [25/Mar/2026:04:53:16 +0000] \"GET /api/v1/downloadimage/getimage?key=public/ProjectImages/unnamed%20(1).jpg-1767702018803-23089.jpeg HTTP/1.1\" 404 168 \"-\" \"SURYACON/12 CFNetwork/3860.300.31 Darwin/25.1.0\"","service":"git-commit-tracker","timestamp":"2026-03-25T04:53:16.569Z"}
{"level":"info","message":"::1 - - [25/Mar/2026:04:53:16 +0000] \"GET /api/v1/downloadimage/getimage?key=public/ProjectImages/sahilsendsd.jpg-1757329478364-17076.jpeg HTTP/1.1\" 404 168 \"-\" \"SURYACON/12 CFNetwork/3860.300.31 Darwin/25.1.0\"","service":"git-commit-tracker","timestamp":"2026-03-25T04:53:16.570Z"}
{"level":"info","message":"Server is running on port 3005 in production mode","service":"git-commit-tracker","timestamp":"2026-03-25T04:58:31.076Z"}
{"level":"info","message":"Listening for Webhooks at: http://localhost:3005/webhook/git","service":"git-commit-tracker","timestamp":"2026-03-25T04:58:31.076Z"}
{"level":"info","message":"::1 - - [25/Mar/2026:04:58:44 +0000] \"POST /api/v1/hrmaster/employee/loginEmployee HTTP/1.1\" 404 178 \"-\" \"SURYACON/12 CFNetwork/3860.400.51 Darwin/25.3.0\"","service":"git-commit-tracker","timestamp":"2026-03-25T04:58:44.246Z"}
{"level":"info","message":"Server is running on port 3005 in production mode","service":"git-commit-tracker","timestamp":"2026-03-25T04:58:46.072Z"}
{"level":"info","message":"Listening for Webhooks at: http://localhost:3005/webhook/git","service":"git-commit-tracker","timestamp":"2026-03-25T04:58:46.073Z"}
{"level":"info","message":"::1 - - [25/Mar/2026:04:58:46 +0000] \"POST /api/v1/hrmaster/employee/loginEmployee HTTP/1.1\" 404 178 \"-\" \"SURYACON/12 CFNetwork/3860.400.51 Darwin/25.3.0\"","service":"git-commit-tracker","timestamp":"2026-03-25T04:58:46.470Z"}
{"level":"info","message":"::1 - - [25/Mar/2026:04:59:09 +0000] \"POST /api/v1/hrmaster/employee/loginEmployee HTTP/1.1\" 404 178 \"-\" \"SURYACON/12 CFNetwork/3860.400.51 Darwin/25.3.0\"","service":"git-commit-tracker","timestamp":"2026-03-25T04:59:09.688Z"}
{"level":"info","message":"Incoming Webhook Push Event received","service":"git-commit-tracker","timestamp":"2026-03-25T04:59:27.275Z"}
{"level":"info","message":"--- Inside processPushPayload ---","service":"git-commit-tracker","timestamp":"2026-03-25T04:59:27.279Z"}
{"level":"info","message":"Found 2 commits in payload.","service":"git-commit-tracker","timestamp":"2026-03-25T04:59:27.280Z"}
{"level":"warn","message":"GITHUB_TOKEN not provided or invalid. Skipping detailed fetch for commit d2a602bd709b10ec171cf72565ca889adff2c7dc","service":"git-commit-tracker","timestamp":"2026-03-25T04:59:27.280Z"}
{"level":"info","message":"::1 - - [25/Mar/2026:04:59:27 +0000] \"POST /webhook/git HTTP/1.1\" 202 59 \"-\" \"GitHub-Hookshot/ea963ee\"","service":"git-commit-tracker","timestamp":"2026-03-25T04:59:27.281Z"}
{"level":"warn","message":"GITHUB_TOKEN not provided or invalid. Skipping detailed fetch for commit eecdb6b90dcad826ee30cc7dd5bc31129d863052","service":"git-commit-tracker","timestamp":"2026-03-25T04:59:27.281Z"}
{"level":"info","message":"Successfully wrote 2 new rows to SURYACON_MOBILE_APPLICATION_2026-03.xlsx","service":"git-commit-tracker","timestamp":"2026-03-25T04:59:27.353Z"}
{"level":"info","message":"::1 - - [25/Mar/2026:05:00:05 +0000] \"GET /socket.io/?session=s%253A43bff38a-3a7e-4f90-b8b4-9e6c1f2d2930.StOAR2JiUdS1XJPdPVeupqG6WsdnZXvo54fYcQbgnR0&deviceOS=iOS%2026.3.1&EIO=4&transport=websocket HTTP/1.1\" 404 149 \"-\" \"-\"","service":"git-commit-tracker","timestamp":"2026-03-25T05:00:05.861Z"}
{"level":"info","message":"::1 - - [25/Mar/2026:05:00:06 +0000] \"GET /api/v1/check-authgetdata HTTP/1.1\" 404 163 \"-\" \"SURYACON/12 CFNetwork/3860.400.51 Darwin/25.3.0\"","service":"git-commit-tracker","timestamp":"2026-03-25T05:00:06.621Z"}
{"level":"info","message":"::1 - - [25/Mar/2026:05:00:21 +0000] \"GET /api/v1/check-authgetdata HTTP/1.1\" 404 163 \"-\" \"SURYACON/12 CFNetwork/3860.400.51 Darwin/25.3.0\"","service":"git-commit-tracker","timestamp":"2026-03-25T05:00:21.990Z"}
{"level":"info","message":"::1 - - [25/Mar/2026:05:00:22 +0000] \"GET /socket.io/?session=s%253A43bff38a-3a7e-4f90-b8b4-9e6c1f2d2930.StOAR2JiUdS1XJPdPVeupqG6WsdnZXvo54fYcQbgnR0&deviceOS=iOS%2026.3.1&EIO=4&transport=websocket HTTP/1.1\" 404 149 \"-\" \"-\"","service":"git-commit-tracker","timestamp":"2026-03-25T05:00:22.073Z"}
{"level":"info","message":"Incoming Webhook Push Event received","service":"git-commit-tracker","timestamp":"2026-03-25T05:01:35.449Z"}
{"level":"info","message":"--- Inside processPushPayload ---","service":"git-commit-tracker","timestamp":"2026-03-25T05:01:35.451Z"}
{"level":"info","message":"Found 1 commits in payload.","service":"git-commit-tracker","timestamp":"2026-03-25T05:01:35.451Z"}
{"level":"warn","message":"GITHUB_TOKEN not provided or invalid. Skipping detailed fetch for commit 5fa37a0247e191fc8f2296d0ce5e71e2aac3fcc2","service":"git-commit-tracker","timestamp":"2026-03-25T05:01:35.451Z"}
{"level":"info","message":"::1 - - [25/Mar/2026:05:01:35 +0000] \"POST /webhook/git HTTP/1.1\" 202 59 \"-\" \"GitHub-Hookshot/ea963ee\"","service":"git-commit-tracker","timestamp":"2026-03-25T05:01:35.452Z"}
{"level":"info","message":"Successfully wrote 1 new rows to SURYACON_MOBILE_APPLICATION_2026-03.xlsx","service":"git-commit-tracker","timestamp":"2026-03-25T05:01:35.471Z"}
{"level":"info","message":"Server is running on port 3005 in production mode","service":"git-commit-tracker","timestamp":"2026-03-25T05:03:33.567Z"}
{"level":"info","message":"Listening for Webhooks at: http://localhost:3005/webhook/git","service":"git-commit-tracker","timestamp":"2026-03-25T05:03:33.568Z"}
{"level":"info","message":"Server is running on port 3005 in production mode","service":"git-commit-tracker","timestamp":"2026-03-25T05:03:41.091Z"}
{"level":"info","message":"Listening for Webhooks at: http://localhost:3005/webhook/git","service":"git-commit-tracker","timestamp":"2026-03-25T05:03:41.093Z"}
{"level":"info","message":"Server is running on port 3005 in production mode","service":"git-commit-tracker","timestamp":"2026-03-25T05:03:47.953Z"}
{"level":"info","message":"Listening for Webhooks at: http://localhost:3005/webhook/git","service":"git-commit-tracker","timestamp":"2026-03-25T05:03:47.954Z"}
{"level":"info","message":"Server is running on port 3005 in production mode","service":"git-commit-tracker","timestamp":"2026-03-25T05:04:00.451Z"}
{"level":"info","message":"Listening for Webhooks at: http://localhost:3005/webhook/git","service":"git-commit-tracker","timestamp":"2026-03-25T05:04:00.453Z"}
{"level":"info","message":"Server is running on port 3005 in production mode","service":"git-commit-tracker","timestamp":"2026-03-25T05:04:07.061Z"}
{"level":"info","message":"Listening for Webhooks at: http://localhost:3005/webhook/git","service":"git-commit-tracker","timestamp":"2026-03-25T05:04:07.062Z"}
{"level":"info","message":"Incoming Webhook Push Event received","service":"git-commit-tracker","timestamp":"2026-03-25T05:05:10.058Z"}
{"level":"info","message":"--- Inside processPushPayload ---","service":"git-commit-tracker","timestamp":"2026-03-25T05:05:10.063Z"}
{"level":"info","message":"Found 1 commits in payload.","service":"git-commit-tracker","timestamp":"2026-03-25T05:05:10.063Z"}
{"level":"warn","message":"GITHUB_TOKEN not provided or invalid. Skipping detailed fetch for commit baffcf5715516f7eacf701f8edce2dc04dd85258","service":"git-commit-tracker","timestamp":"2026-03-25T05:05:10.064Z"}
{"level":"info","message":"::1 - - [25/Mar/2026:05:05:10 +0000] \"POST /webhook/git HTTP/1.1\" 202 59 \"-\" \"GitHub-Hookshot/ea963ee\"","service":"git-commit-tracker","timestamp":"2026-03-25T05:05:10.065Z"}
{"level":"info","message":"Sending 1 rows for developer sundan.shrama@psquarecompany.com to Excel writer...","service":"git-commit-tracker","timestamp":"2026-03-25T05:05:10.065Z"}
{"level":"info","message":"Successfully wrote 1 new rows to sundan.shrama@psquarecompany.com_SURYACON_MOBILE_APPLICATION_2026-03.xlsx","service":"git-commit-tracker","timestamp":"2026-03-25T05:05:10.141Z"}
{"level":"info","message":"Server is running on port 3005 in production mode","service":"git-commit-tracker","timestamp":"2026-03-25T05:06:15.065Z"}
{"level":"info","message":"Listening for Webhooks at: http://localhost:3005/webhook/git","service":"git-commit-tracker","timestamp":"2026-03-25T05:06:15.066Z"}
{"level":"info","message":"::1 - - [25/Mar/2026:05:06:18 +0000] \"GET / HTTP/1.1\" 404 139 \"-\" \"Mozilla/5.0 (Macintosh; Intel Mac OS X 10_15_7) AppleWebKit/537.36 (KHTML, like Gecko) Trae/1.107.1 Chrome/142.0.7444.235 Electron/39.2.7 Safari/537.36\"","service":"git-commit-tracker","timestamp":"2026-03-25T05:06:18.616Z"}
{"level":"info","message":"::1 - - [25/Mar/2026:05:06:21 +0000] \"GET / HTTP/1.1\" 404 139 \"-\" \"Mozilla/5.0 (Macintosh; Intel Mac OS X 10_15_7) AppleWebKit/537.36 (KHTML, like Gecko) Trae/1.107.1 Chrome/142.0.7444.235 Electron/39.2.7 Safari/537.36\"","service":"git-commit-tracker","timestamp":"2026-03-25T05:06:21.530Z"}
{"level":"info","message":"Server is running on port 3005 in production mode","service":"git-commit-tracker","timestamp":"2026-03-25T05:06:59.179Z"}
{"level":"info","message":"Listening for Webhooks at: http://localhost:3005/webhook/git","service":"git-commit-tracker","timestamp":"2026-03-25T05:06:59.182Z"}
{"level":"info","message":"Server is running on port 3000 in production mode","service":"git-commit-tracker","timestamp":"2026-03-25T05:13:12.326Z"}
{"level":"info","message":"Listening for Webhooks at: http://localhost:3000/webhook/git","service":"git-commit-tracker","timestamp":"2026-03-25T05:13:12.327Z"}
{"level":"info","message":"Server is running on port 3000 in production mode","service":"git-commit-tracker","timestamp":"2026-03-25T05:17:41.971Z"}
{"level":"info","message":"Listening for Webhooks at: http://localhost:3000/webhook/git","service":"git-commit-tracker","timestamp":"2026-03-25T05:17:41.972Z"}
{"level":"info","message":"Server is running on port 3000 in production mode","service":"git-commit-tracker","timestamp":"2026-03-25T05:20:20.200Z"}
{"level":"info","message":"Listening for Webhooks at: http://localhost:3000/webhook/git","service":"git-commit-tracker","timestamp":"2026-03-25T05:20:20.200Z"}
{"level":"info","message":"Server is running on port 3000 in development mode","service":"git-commit-tracker","timestamp":"2026-03-25T05:21:55.543Z"}
{"level":"info","message":"Listening for Webhooks at: http://localhost:3000/webhook/git","service":"git-commit-tracker","timestamp":"2026-03-25T05:21:55.544Z"}
{"level":"info","message":"::1 - - [25/Mar/2026:05:22:34 +0000] \"POST /webhook/git HTTP/1.1\" 200 46 \"-\" \"GitHub-Hookshot/ea963ee\"","service":"git-commit-tracker","timestamp":"2026-03-25T05:22:34.318Z"}
{"level":"info","message":"Incoming Webhook Push Event received","service":"git-commit-tracker","timestamp":"2026-03-25T05:22:34.480Z"}
{"level":"info","message":"--- Inside processPushPayload ---","service":"git-commit-tracker","timestamp":"2026-03-25T05:22:34.480Z"}
{"level":"info","message":"Found 3 commits in payload.","service":"git-commit-tracker","timestamp":"2026-03-25T05:22:34.481Z"}
{"level":"warn","message":"GITHUB_TOKEN not provided or invalid. Skipping detailed fetch for commit 8ba207b9c0a308854484e0a8f391d75a9933a304","service":"git-commit-tracker","timestamp":"2026-03-25T05:22:34.481Z"}
{"level":"info","message":"::1 - - [25/Mar/2026:05:22:34 +0000] \"POST /webhook/git HTTP/1.1\" 202 59 \"-\" \"GitHub-Hookshot/ea963ee\"","service":"git-commit-tracker","timestamp":"2026-03-25T05:22:34.481Z"}
{"level":"warn","message":"GITHUB_TOKEN not provided or invalid. Skipping detailed fetch for commit 006782983ca0fb6d202db6893dbbd451a8cc1e71","service":"git-commit-tracker","timestamp":"2026-03-25T05:22:34.481Z"}
{"level":"warn","message":"GITHUB_TOKEN not provided or invalid. Skipping detailed fetch for commit 0efc4a6bda99e0c64442c646c0f785a1f5fe88db","service":"git-commit-tracker","timestamp":"2026-03-25T05:22:34.482Z"}
{"level":"info","message":"Sending 8 rows for developer pintu.kumar@psquarecompany.com to Excel writer...","service":"git-commit-tracker","timestamp":"2026-03-25T05:22:34.482Z"}
{"level":"info","message":"Successfully wrote 8 new rows to pintu.kumar@psquarecompany.com_SURYACON_MOBILE_APPLICATION_2026-03.xlsx","service":"git-commit-tracker","timestamp":"2026-03-25T05:22:34.508Z"}
{"level":"info","message":"::1 - - [25/Mar/2026:05:22:47 +0000] \"POST /api/v1/hrmaster/employee/loginEmployee HTTP/1.1\" 404 178 \"-\" \"SURYACON/12 CFNetwork/3860.300.31 Darwin/25.3.0\"","service":"git-commit-tracker","timestamp":"2026-03-25T05:22:47.477Z"}
{"level":"info","message":"::1 - - [25/Mar/2026:05:22:55 +0000] \"POST /api/v1/hrmaster/employee/loginEmployee HTTP/1.1\" 404 178 \"-\" \"okhttp/4.12.0\"","service":"git-commit-tracker","timestamp":"2026-03-25T05:22:55.273Z"}
{"level":"info","message":"Incoming Webhook Push Event received","service":"git-commit-tracker","timestamp":"2026-03-25T05:23:06.308Z"}
{"level":"info","message":"--- Inside processPushPayload ---","service":"git-commit-tracker","timestamp":"2026-03-25T05:23:06.309Z"}
{"level":"info","message":"Found 1 commits in payload.","service":"git-commit-tracker","timestamp":"2026-03-25T05:23:06.310Z"}
{"level":"warn","message":"GITHUB_TOKEN not provided or invalid. Skipping detailed fetch for commit 73bfdacf3d17cc3e5362b265a1f2ea01f03f9ba9","service":"git-commit-tracker","timestamp":"2026-03-25T05:23:06.310Z"}
{"level":"info","message":"::1 - - [25/Mar/2026:05:23:06 +0000] \"POST /webhook/git HTTP/1.1\" 202 59 \"-\" \"GitHub-Hookshot/ea963ee\"","service":"git-commit-tracker","timestamp":"2026-03-25T05:23:06.310Z"}
{"level":"info","message":"Sending 1 rows for developer sundan.shrama@psquarecompany.com to Excel writer...","service":"git-commit-tracker","timestamp":"2026-03-25T05:23:06.310Z"}
{"level":"info","message":"Successfully wrote 1 new rows to sundan.shrama@psquarecompany.com_SURYACON_MOBILE_APPLICATION_2026-03.xlsx","service":"git-commit-tracker","timestamp":"2026-03-25T05:23:06.322Z"}
{"level":"info","message":"::1 - - [25/Mar/2026:05:23:34 +0000] \"POST /api/v1/hrmaster/employee/loginEmployee HTTP/1.1\" 404 178 \"-\" \"SURYACON/12 CFNetwork/3860.300.31 Darwin/25.3.0\"","service":"git-commit-tracker","timestamp":"2026-03-25T05:23:34.458Z"}
{"level":"info","message":"Server is running on port 3001 in development mode","service":"git-commit-tracker","timestamp":"2026-04-14T05:01:22.883Z"}
{"level":"info","message":"Listening for Webhooks at: http://localhost:3001/webhook/git","service":"git-commit-tracker","timestamp":"2026-04-14T05:01:22.885Z"}
{"level":"info","message":"Incoming Webhook Push Event received","service":"git-commit-tracker","timestamp":"2026-04-14T05:04:14.000Z"}
{"level":"info","message":"Webhook added to queue. Queue size: 1","service":"git-commit-tracker","timestamp":"2026-04-14T05:04:14.006Z"}
{"level":"info","message":"Processing webhook from queue. Remaining: 0","service":"git-commit-tracker","timestamp":"2026-04-14T05:04:14.006Z"}
{"level":"info","message":"--- Inside processPushPayload ---","service":"git-commit-tracker","timestamp":"2026-04-14T05:04:14.007Z"}
{"level":"info","message":"Found 1 commits in payload.","service":"git-commit-tracker","timestamp":"2026-04-14T05:04:14.008Z"}
{"level":"info","message":"Fetching detailed stats for commit: Psquarecompany-psqrco/MASSAED_CLIENT@800f4cf369972a9bfdef349ab6724bc1cf69a8c2","service":"git-commit-tracker","timestamp":"2026-04-14T05:04:14.008Z"}
{"level":"info","message":"::ffff:127.0.0.1 - - [14/Apr/2026:05:04:14 +0000] \"POST /webhook/git HTTP/1.1\" 202 59 \"-\" \"GitHub-Hookshot/2db9b08\"","service":"git-commit-tracker","timestamp":"2026-04-14T05:04:14.035Z"}
{"level":"info","message":"Successfully fetched details for 1 files in commit 800f4cf369972a9bfdef349ab6724bc1cf69a8c2","service":"git-commit-tracker","timestamp":"2026-04-14T05:04:14.539Z"}
{"level":"info","message":"\n=== Changes for App.tsx (Modified) by sundansharma@Sundans-Mac-mini.local ===","service":"git-commit-tracker","timestamp":"2026-04-14T05:04:14.540Z"}
{"level":"info","message":"Additions: 0 | Deletions: 1","service":"git-commit-tracker","timestamp":"2026-04-14T05:04:14.540Z"}
{"level":"info","message":"====================================================\n","service":"git-commit-tracker","timestamp":"2026-04-14T05:04:14.540Z"}
{"level":"info","message":"Processing 1 file changes for repo MASSAED_CLIENT...","service":"git-commit-tracker","timestamp":"2026-04-14T05:04:14.541Z"}
{"level":"info","message":"Added 1 rows to MASSAED_CLIENT_2026-04","service":"git-commit-tracker","timestamp":"2026-04-14T05:04:16.654Z"}
{"level":"info","message":"Incoming Webhook Push Event received","service":"git-commit-tracker","timestamp":"2026-04-14T05:05:10.777Z"}
{"level":"info","message":"Webhook added to queue. Queue size: 1","service":"git-commit-tracker","timestamp":"2026-04-14T05:05:10.778Z"}
{"level":"info","message":"Processing webhook from queue. Remaining: 0","service":"git-commit-tracker","timestamp":"2026-04-14T05:05:10.779Z"}
{"level":"info","message":"--- Inside processPushPayload ---","service":"git-commit-tracker","timestamp":"2026-04-14T05:05:10.779Z"}
{"level":"info","message":"Found 1 commits in payload.","service":"git-commit-tracker","timestamp":"2026-04-14T05:05:10.779Z"}
{"level":"info","message":"Fetching detailed stats for commit: Psquarecompany-psqrco/MASSAED_CLIENT@187c5ced06ac18e8acef257fea9705f0d89b03a7","service":"git-commit-tracker","timestamp":"2026-04-14T05:05:10.779Z"}
{"level":"info","message":"::ffff:127.0.0.1 - - [14/Apr/2026:05:05:10 +0000] \"POST /webhook/git HTTP/1.1\" 202 59 \"-\" \"GitHub-Hookshot/2db9b08\"","service":"git-commit-tracker","timestamp":"2026-04-14T05:05:10.783Z"}
{"level":"info","message":"Successfully fetched details for 1 files in commit 187c5ced06ac18e8acef257fea9705f0d89b03a7","service":"git-commit-tracker","timestamp":"2026-04-14T05:05:11.661Z"}
{"level":"info","message":"\n=== Changes for App.tsx (Modified) by sundansharma@Sundans-Mac-mini.local ===","service":"git-commit-tracker","timestamp":"2026-04-14T05:05:11.661Z"}
{"level":"info","message":"Additions: 0 | Deletions: 3","service":"git-commit-tracker","timestamp":"2026-04-14T05:05:11.661Z"}
{"level":"info","message":"====================================================\n","service":"git-commit-tracker","timestamp":"2026-04-14T05:05:11.662Z"}
{"level":"info","message":"Processing 1 file changes for repo MASSAED_CLIENT...","service":"git-commit-tracker","timestamp":"2026-04-14T05:05:11.662Z"}
{"level":"info","message":"Created new Google Sheet: MASSAED_CLIENT_2026-04","service":"git-commit-tracker","timestamp":"2026-04-14T05:05:13.520Z"}
{"level":"info","message":"Added 1 rows to MASSAED_CLIENT_2026-04","service":"git-commit-tracker","timestamp":"2026-04-14T05:05:14.100Z"}
{"level":"error","message":"Formatting failed: Cannot read properties of undefined (reading 'post')","service":"git-commit-tracker","stack":"TypeError: Cannot read properties of undefined (reading 'post')\n    at appendToGoogleSheet (/Users/sundansharma/Documents/test/src/utils/googleSheetsUtil.js:315:25)\n    at process.processTicksAndRejections (node:internal/process/task_queues:95:5)\n    at async processPushPayload (/Users/sundansharma/Documents/test/src/services/webhookService.js:163:7)\n    at async processQueue (/Users/sundansharma/Documents/test/src/services/queueService.js:17:7)","timestamp":"2026-04-14T05:05:14.101Z"}
{"level":"info","message":"Server is running on port 3001 in development mode","service":"git-commit-tracker","timestamp":"2026-04-14T05:06:36.616Z"}
{"level":"info","message":"Listening for Webhooks at: http://localhost:3001/webhook/git","service":"git-commit-tracker","timestamp":"2026-04-14T05:06:36.625Z"}
{"level":"info","message":"Incoming Webhook Push Event received","service":"git-commit-tracker","timestamp":"2026-04-14T05:08:27.496Z"}
{"level":"info","message":"Webhook added to queue. Queue size: 1","service":"git-commit-tracker","timestamp":"2026-04-14T05:08:27.498Z"}
{"level":"info","message":"Processing webhook from queue. Remaining: 0","service":"git-commit-tracker","timestamp":"2026-04-14T05:08:27.498Z"}
{"level":"info","message":"--- Inside processPushPayload ---","service":"git-commit-tracker","timestamp":"2026-04-14T05:08:27.498Z"}
{"level":"info","message":"Found 1 commits in payload.","service":"git-commit-tracker","timestamp":"2026-04-14T05:08:27.499Z"}
{"level":"info","message":"Fetching detailed stats for commit: Psquarecompany-psqrco/MASSAED_CLIENT@01819901ee34cfd435de2d72a106cf8db9d1a733","service":"git-commit-tracker","timestamp":"2026-04-14T05:08:27.499Z"}
{"level":"info","message":"::ffff:127.0.0.1 - - [14/Apr/2026:05:08:27 +0000] \"POST /webhook/git HTTP/1.1\" 202 59 \"-\" \"GitHub-Hookshot/2db9b08\"","service":"git-commit-tracker","timestamp":"2026-04-14T05:08:27.519Z"}
{"level":"info","message":"Successfully fetched details for 1 files in commit 01819901ee34cfd435de2d72a106cf8db9d1a733","service":"git-commit-tracker","timestamp":"2026-04-14T05:08:27.980Z"}
{"level":"info","message":"\n=== Changes for App.tsx (Modified) by sundansharma@Sundans-Mac-mini.local ===","service":"git-commit-tracker","timestamp":"2026-04-14T05:08:27.981Z"}
{"level":"info","message":"Additions: 4 | Deletions: 0","service":"git-commit-tracker","timestamp":"2026-04-14T05:08:27.981Z"}
{"level":"info","message":"====================================================\n","service":"git-commit-tracker","timestamp":"2026-04-14T05:08:27.981Z"}
{"level":"info","message":"Processing 1 file changes for repo MASSAED_CLIENT...","service":"git-commit-tracker","timestamp":"2026-04-14T05:08:27.981Z"}
{"level":"info","message":"Added 1 rows to MASSAED_CLIENT_2026-04","service":"git-commit-tracker","timestamp":"2026-04-14T05:08:29.923Z"}
{"level":"info","message":"Server is running on port 3001 in development mode","service":"git-commit-tracker","timestamp":"2026-04-14T05:09:57.816Z"}
{"level":"info","message":"Listening for Webhooks at: http://localhost:3001/webhook/git","service":"git-commit-tracker","timestamp":"2026-04-14T05:09:57.817Z"}
{"level":"info","message":"Server is running on port 3001 in development mode","service":"git-commit-tracker","timestamp":"2026-04-14T05:11:25.022Z"}
{"level":"info","message":"Listening for Webhooks at: http://localhost:3001/webhook/git","service":"git-commit-tracker","timestamp":"2026-04-14T05:11:25.024Z"}
{"level":"info","message":"Server is running on port 3001 in development mode","service":"git-commit-tracker","timestamp":"2026-04-14T05:11:35.209Z"}
{"level":"info","message":"Listening for Webhooks at: http://localhost:3001/webhook/git","service":"git-commit-tracker","timestamp":"2026-04-14T05:11:35.210Z"}
{"level":"info","message":"Server is running on port 3001 in development mode","service":"git-commit-tracker","timestamp":"2026-04-14T05:11:42.880Z"}
{"level":"info","message":"Listening for Webhooks at: http://localhost:3001/webhook/git","service":"git-commit-tracker","timestamp":"2026-04-14T05:11:42.881Z"}
{"level":"info","message":"Server is running on port 3001 in development mode","service":"git-commit-tracker","timestamp":"2026-04-14T05:11:50.261Z"}
{"level":"info","message":"Listening for Webhooks at: http://localhost:3001/webhook/git","service":"git-commit-tracker","timestamp":"2026-04-14T05:11:50.263Z"}
{"level":"info","message":"Master process 18641 is running","service":"git-commit-tracker","timestamp":"2026-04-14T05:19:07.549Z"}
{"level":"info","message":"Forking 10 workers...","service":"git-commit-tracker","timestamp":"2026-04-14T05:19:07.551Z"}
{"level":"info","message":"Worker 18645 started on port 3001 in development mode","service":"git-commit-tracker","timestamp":"2026-04-14T05:19:08.158Z"}
{"level":"info","message":"Listening for Webhooks at: http://localhost:3001/webhook/git","service":"git-commit-tracker","timestamp":"2026-04-14T05:19:08.164Z"}
{"level":"info","message":"Worker 18654 started on port 3001 in development mode","service":"git-commit-tracker","timestamp":"2026-04-14T05:19:08.168Z"}
{"level":"info","message":"Listening for Webhooks at: http://localhost:3001/webhook/git","service":"git-commit-tracker","timestamp":"2026-04-14T05:19:08.171Z"}
{"level":"info","message":"Worker 18647 started on port 3001 in development mode","service":"git-commit-tracker","timestamp":"2026-04-14T05:19:08.177Z"}
{"level":"info","message":"Listening for Webhooks at: http://localhost:3001/webhook/git","service":"git-commit-tracker","timestamp":"2026-04-14T05:19:08.179Z"}
{"level":"info","message":"Worker 18653 started on port 3001 in development mode","service":"git-commit-tracker","timestamp":"2026-04-14T05:19:08.179Z"}
{"level":"info","message":"Worker 18649 started on port 3001 in development mode","service":"git-commit-tracker","timestamp":"2026-04-14T05:19:08.177Z"}
{"level":"info","message":"Listening for Webhooks at: http://localhost:3001/webhook/git","service":"git-commit-tracker","timestamp":"2026-04-14T05:19:08.180Z"}
{"level":"info","message":"Listening for Webhooks at: http://localhost:3001/webhook/git","service":"git-commit-tracker","timestamp":"2026-04-14T05:19:08.182Z"}
{"level":"info","message":"Worker 18652 started on port 3001 in development mode","service":"git-commit-tracker","timestamp":"2026-04-14T05:19:08.185Z"}
{"level":"info","message":"Listening for Webhooks at: http://localhost:3001/webhook/git","service":"git-commit-tracker","timestamp":"2026-04-14T05:19:08.188Z"}
{"level":"info","message":"Worker 18650 started on port 3001 in development mode","service":"git-commit-tracker","timestamp":"2026-04-14T05:19:08.189Z"}
{"level":"info","message":"Listening for Webhooks at: http://localhost:3001/webhook/git","service":"git-commit-tracker","timestamp":"2026-04-14T05:19:08.190Z"}
{"level":"info","message":"Worker 18651 started on port 3001 in development mode","service":"git-commit-tracker","timestamp":"2026-04-14T05:19:08.190Z"}
{"level":"info","message":"Listening for Webhooks at: http://localhost:3001/webhook/git","service":"git-commit-tracker","timestamp":"2026-04-14T05:19:08.193Z"}
{"level":"info","message":"Worker 18648 started on port 3001 in development mode","service":"git-commit-tracker","timestamp":"2026-04-14T05:19:08.199Z"}
{"level":"info","message":"Listening for Webhooks at: http://localhost:3001/webhook/git","service":"git-commit-tracker","timestamp":"2026-04-14T05:19:08.201Z"}
{"level":"info","message":"Worker 18646 started on port 3001 in development mode","service":"git-commit-tracker","timestamp":"2026-04-14T05:19:08.203Z"}
{"level":"info","message":"Listening for Webhooks at: http://localhost:3001/webhook/git","service":"git-commit-tracker","timestamp":"2026-04-14T05:19:08.205Z"}
{"level":"info","message":"Master process 18774 is running","service":"git-commit-tracker","timestamp":"2026-04-14T05:19:22.954Z"}
{"level":"info","message":"Forking 10 workers...","service":"git-commit-tracker","timestamp":"2026-04-14T05:19:22.956Z"}
{"level":"info","message":"Worker 18781 started on port 3001 in development mode","service":"git-commit-tracker","timestamp":"2026-04-14T05:19:23.404Z"}
{"level":"info","message":"Listening for Webhooks at: http://localhost:3001/webhook/git","service":"git-commit-tracker","timestamp":"2026-04-14T05:19:23.407Z"}
{"level":"info","message":"Worker 18783 started on port 3001 in development mode","service":"git-commit-tracker","timestamp":"2026-04-14T05:19:23.408Z"}
{"level":"info","message":"Listening for Webhooks at: http://localhost:3001/webhook/git","service":"git-commit-tracker","timestamp":"2026-04-14T05:19:23.411Z"}
{"level":"info","message":"Worker 18780 started on port 3001 in development mode","service":"git-commit-tracker","timestamp":"2026-04-14T05:19:23.416Z"}
{"level":"info","message":"Listening for Webhooks at: http://localhost:3001/webhook/git","service":"git-commit-tracker","timestamp":"2026-04-14T05:19:23.417Z"}
{"level":"info","message":"Worker 18788 started on port 3001 in development mode","service":"git-commit-tracker","timestamp":"2026-04-14T05:19:23.416Z"}
{"level":"info","message":"Listening for Webhooks at: http://localhost:3001/webhook/git","service":"git-commit-tracker","timestamp":"2026-04-14T05:19:23.418Z"}
{"level":"info","message":"Worker 18784 started on port 3001 in development mode","service":"git-commit-tracker","timestamp":"2026-04-14T05:19:23.417Z"}
{"level":"info","message":"Listening for Webhooks at: http://localhost:3001/webhook/git","service":"git-commit-tracker","timestamp":"2026-04-14T05:19:23.420Z"}
{"level":"info","message":"Worker 18787 started on port 3001 in development mode","service":"git-commit-tracker","timestamp":"2026-04-14T05:19:23.421Z"}
{"level":"info","message":"Worker 18789 started on port 3001 in development mode","service":"git-commit-tracker","timestamp":"2026-04-14T05:19:23.421Z"}
{"level":"info","message":"Listening for Webhooks at: http://localhost:3001/webhook/git","service":"git-commit-tracker","timestamp":"2026-04-14T05:19:23.423Z"}
{"level":"info","message":"Listening for Webhooks at: http://localhost:3001/webhook/git","service":"git-commit-tracker","timestamp":"2026-04-14T05:19:23.423Z"}
{"level":"info","message":"Worker 18786 started on port 3001 in development mode","service":"git-commit-tracker","timestamp":"2026-04-14T05:19:23.424Z"}
{"level":"info","message":"Listening for Webhooks at: http://localhost:3001/webhook/git","service":"git-commit-tracker","timestamp":"2026-04-14T05:19:23.425Z"}
{"level":"info","message":"Worker 18782 started on port 3001 in development mode","service":"git-commit-tracker","timestamp":"2026-04-14T05:19:23.424Z"}
{"level":"info","message":"Listening for Webhooks at: http://localhost:3001/webhook/git","service":"git-commit-tracker","timestamp":"2026-04-14T05:19:23.426Z"}
{"level":"info","message":"Worker 18785 started on port 3001 in development mode","service":"git-commit-tracker","timestamp":"2026-04-14T05:19:23.425Z"}
{"level":"info","message":"Listening for Webhooks at: http://localhost:3001/webhook/git","service":"git-commit-tracker","timestamp":"2026-04-14T05:19:23.427Z"}
{"level":"info","message":"Master process 18853 is running","service":"git-commit-tracker","timestamp":"2026-04-14T05:19:28.328Z"}
{"level":"info","message":"Forking 10 workers...","service":"git-commit-tracker","timestamp":"2026-04-14T05:19:28.329Z"}
{"level":"info","message":"Worker 18855 designated as queue worker","service":"git-commit-tracker","timestamp":"2026-04-14T05:19:28.330Z"}
{"level":"info","message":"Worker 18864 started on port 3001 in development mode","service":"git-commit-tracker","timestamp":"2026-04-14T05:19:28.812Z"}
{"level":"info","message":"Listening for Webhooks at: http://localhost:3001/webhook/git","service":"git-commit-tracker","timestamp":"2026-04-14T05:19:28.814Z"}
{"level":"info","message":"Worker 18856 started on port 3001 in development mode","service":"git-commit-tracker","timestamp":"2026-04-14T05:19:28.824Z"}
{"level":"info","message":"Listening for Webhooks at: http://localhost:3001/webhook/git","service":"git-commit-tracker","timestamp":"2026-04-14T05:19:28.828Z"}
{"level":"info","message":"Worker 18863 started on port 3001 in development mode","service":"git-commit-tracker","timestamp":"2026-04-14T05:19:28.826Z"}
{"level":"info","message":"Listening for Webhooks at: http://localhost:3001/webhook/git","service":"git-commit-tracker","timestamp":"2026-04-14T05:19:28.833Z"}
{"level":"info","message":"Worker 18859 started on port 3001 in development mode","service":"git-commit-tracker","timestamp":"2026-04-14T05:19:28.830Z"}
{"level":"info","message":"Listening for Webhooks at: http://localhost:3001/webhook/git","service":"git-commit-tracker","timestamp":"2026-04-14T05:19:28.835Z"}
{"level":"info","message":"Worker 18861 started on port 3001 in development mode","service":"git-commit-tracker","timestamp":"2026-04-14T05:19:28.833Z"}
{"level":"info","message":"Listening for Webhooks at: http://localhost:3001/webhook/git","service":"git-commit-tracker","timestamp":"2026-04-14T05:19:28.840Z"}
{"level":"info","message":"Worker 18855 started on port 3001 in development mode","service":"git-commit-tracker","timestamp":"2026-04-14T05:19:28.850Z"}
{"level":"info","message":"Listening for Webhooks at: http://localhost:3001/webhook/git","service":"git-commit-tracker","timestamp":"2026-04-14T05:19:28.852Z"}
{"level":"info","message":"Worker 18862 started on port 3001 in development mode","service":"git-commit-tracker","timestamp":"2026-04-14T05:19:28.851Z"}
{"level":"info","message":"Listening for Webhooks at: http://localhost:3001/webhook/git","service":"git-commit-tracker","timestamp":"2026-04-14T05:19:28.853Z"}
{"level":"info","message":"Worker 18857 started on port 3001 in development mode","service":"git-commit-tracker","timestamp":"2026-04-14T05:19:28.855Z"}
{"level":"info","message":"Listening for Webhooks at: http://localhost:3001/webhook/git","service":"git-commit-tracker","timestamp":"2026-04-14T05:19:28.857Z"}
{"level":"info","message":"Worker 18858 started on port 3001 in development mode","service":"git-commit-tracker","timestamp":"2026-04-14T05:19:28.858Z"}
{"level":"info","message":"Listening for Webhooks at: http://localhost:3001/webhook/git","service":"git-commit-tracker","timestamp":"2026-04-14T05:19:28.859Z"}
{"level":"info","message":"Worker 18860 started on port 3001 in development mode","service":"git-commit-tracker","timestamp":"2026-04-14T05:19:28.863Z"}
{"level":"info","message":"Listening for Webhooks at: http://localhost:3001/webhook/git","service":"git-commit-tracker","timestamp":"2026-04-14T05:19:28.864Z"}
{"level":"info","message":"Master process 18930 is running","service":"git-commit-tracker","timestamp":"2026-04-14T05:19:33.467Z"}
{"level":"info","message":"Forking 10 workers...","service":"git-commit-tracker","timestamp":"2026-04-14T05:19:33.469Z"}
{"level":"info","message":"Worker 18932 designated as queue worker","service":"git-commit-tracker","timestamp":"2026-04-14T05:19:33.470Z"}
{"level":"info","message":"Worker 18935 started on port 3001 in development mode","service":"git-commit-tracker","timestamp":"2026-04-14T05:19:33.881Z"}
{"level":"info","message":"Listening for Webhooks at: http://localhost:3001/webhook/git","service":"git-commit-tracker","timestamp":"2026-04-14T05:19:33.885Z"}
{"level":"info","message":"Worker 18941 started on port 3001 in development mode","service":"git-commit-tracker","timestamp":"2026-04-14T05:19:33.898Z"}
{"level":"info","message":"Listening for Webhooks at: http://localhost:3001/webhook/git","service":"git-commit-tracker","timestamp":"2026-04-14T05:19:33.901Z"}
{"level":"info","message":"Worker 18939 started on port 3001 in development mode","service":"git-commit-tracker","timestamp":"2026-04-14T05:19:33.907Z"}
{"level":"info","message":"Listening for Webhooks at: http://localhost:3001/webhook/git","service":"git-commit-tracker","timestamp":"2026-04-14T05:19:33.910Z"}
{"level":"info","message":"Worker 18938 started on port 3001 in development mode","service":"git-commit-tracker","timestamp":"2026-04-14T05:19:33.921Z"}
{"level":"info","message":"Listening for Webhooks at: http://localhost:3001/webhook/git","service":"git-commit-tracker","timestamp":"2026-04-14T05:19:33.923Z"}
{"level":"info","message":"Worker 18932 designated as queue worker","service":"git-commit-tracker","timestamp":"2026-04-14T05:19:33.920Z"}
{"level":"info","message":"Worker 18932 started on port 3001 in development mode","service":"git-commit-tracker","timestamp":"2026-04-14T05:19:33.923Z"}
{"level":"info","message":"Listening for Webhooks at: http://localhost:3001/webhook/git","service":"git-commit-tracker","timestamp":"2026-04-14T05:19:33.924Z"}
{"level":"info","message":"Worker 18936 started on port 3001 in development mode","service":"git-commit-tracker","timestamp":"2026-04-14T05:19:33.923Z"}
{"level":"info","message":"Listening for Webhooks at: http://localhost:3001/webhook/git","service":"git-commit-tracker","timestamp":"2026-04-14T05:19:33.926Z"}
{"level":"info","message":"Worker 18937 started on port 3001 in development mode","service":"git-commit-tracker","timestamp":"2026-04-14T05:19:33.930Z"}
{"level":"info","message":"Listening for Webhooks at: http://localhost:3001/webhook/git","service":"git-commit-tracker","timestamp":"2026-04-14T05:19:33.931Z"}
{"level":"info","message":"Worker 18933 started on port 3001 in development mode","service":"git-commit-tracker","timestamp":"2026-04-14T05:19:33.935Z"}
{"level":"info","message":"Listening for Webhooks at: http://localhost:3001/webhook/git","service":"git-commit-tracker","timestamp":"2026-04-14T05:19:33.938Z"}
{"level":"info","message":"Worker 18934 started on port 3001 in development mode","service":"git-commit-tracker","timestamp":"2026-04-14T05:19:33.938Z"}
{"level":"info","message":"Listening for Webhooks at: http://localhost:3001/webhook/git","service":"git-commit-tracker","timestamp":"2026-04-14T05:19:33.940Z"}
{"level":"info","message":"Worker 18940 started on port 3001 in development mode","service":"git-commit-tracker","timestamp":"2026-04-14T05:19:33.939Z"}
{"level":"info","message":"Listening for Webhooks at: http://localhost:3001/webhook/git","service":"git-commit-tracker","timestamp":"2026-04-14T05:19:33.941Z"}
{"level":"info","message":"Incoming Webhook Push Event received","service":"git-commit-tracker","timestamp":"2026-04-14T05:22:14.792Z"}
{"level":"info","message":"::ffff:127.0.0.1 - - [14/Apr/2026:05:22:14 +0000] \"POST /webhook/git HTTP/1.1\" 202 59 \"-\" \"GitHub-Hookshot/2db9b08\"","service":"git-commit-tracker","timestamp":"2026-04-14T05:22:14.796Z"}
{"level":"error","message":"Queue processing failed: Cannot convert undefined or null to object","service":"git-commit-tracker","stack":"TypeError: Cannot convert undefined or null to object\n    at Function.values (<anonymous>)\n    at enqueueWebhook (/Users/sundansharma/Documents/test/src/services/queueService.js:149:32)\n    at handleGitWebhook (/Users/sundansharma/Documents/test/src/controllers/webhookController.js:52:7)\n    at Layer.handle [as handle_request] (/Users/sundansharma/Documents/test/node_modules/express/lib/router/layer.js:95:5)\n    at next (/Users/sundansharma/Documents/test/node_modules/express/lib/router/route.js:149:13)\n    at Route.dispatch (/Users/sundansharma/Documents/test/node_modules/express/lib/router/route.js:119:3)\n    at Layer.handle [as handle_request] (/Users/sundansharma/Documents/test/node_modules/express/lib/router/layer.js:95:5)\n    at /Users/sundansharma/Documents/test/node_modules/express/lib/router/index.js:284:15\n    at Function.process_params (/Users/sundansharma/Documents/test/node_modules/express/lib/router/index.js:346:12)\n    at next (/Users/sundansharma/Documents/test/node_modules/express/lib/router/index.js:280:10)\n    at Function.handle (/Users/sundansharma/Documents/test/node_modules/express/lib/router/index.js:175:3)\n    at router (/Users/sundansharma/Documents/test/node_modules/express/lib/router/index.js:47:12)\n    at Layer.handle [as handle_request] (/Users/sundansharma/Documents/test/node_modules/express/lib/router/layer.js:95:5)\n    at trim_prefix (/Users/sundansharma/Documents/test/node_modules/express/lib/router/index.js:328:13)\n    at /Users/sundansharma/Documents/test/node_modules/express/lib/router/index.js:286:9\n    at Function.process_params (/Users/sundansharma/Documents/test/node_modules/express/lib/router/index.js:346:12)","timestamp":"2026-04-14T05:22:14.796Z"}
{"level":"info","message":"Master process 19880 is running","service":"git-commit-tracker","timestamp":"2026-04-14T05:22:29.646Z"}
{"level":"info","message":"Forking 10 workers...","service":"git-commit-tracker","timestamp":"2026-04-14T05:22:29.648Z"}
{"level":"info","message":"Worker 19884 designated as queue worker","service":"git-commit-tracker","timestamp":"2026-04-14T05:22:29.649Z"}
{"level":"info","message":"Worker 19891 started on port 3001 in development mode","service":"git-commit-tracker","timestamp":"2026-04-14T05:22:30.119Z"}
{"level":"info","message":"Listening for Webhooks at: http://localhost:3001/webhook/git","service":"git-commit-tracker","timestamp":"2026-04-14T05:22:30.121Z"}
{"level":"info","message":"Worker 19890 started on port 3001 in development mode","service":"git-commit-tracker","timestamp":"2026-04-14T05:22:30.124Z"}
{"level":"info","message":"Listening for Webhooks at: http://localhost:3001/webhook/git","service":"git-commit-tracker","timestamp":"2026-04-14T05:22:30.126Z"}
{"level":"info","message":"Worker 19893 started on port 3001 in development mode","service":"git-commit-tracker","timestamp":"2026-04-14T05:22:30.128Z"}
{"level":"info","message":"Listening for Webhooks at: http://localhost:3001/webhook/git","service":"git-commit-tracker","timestamp":"2026-04-14T05:22:30.131Z"}
{"level":"info","message":"Worker 19887 started on port 3001 in development mode","service":"git-commit-tracker","timestamp":"2026-04-14T05:22:30.133Z"}
{"level":"info","message":"Listening for Webhooks at: http://localhost:3001/webhook/git","service":"git-commit-tracker","timestamp":"2026-04-14T05:22:30.137Z"}
{"level":"info","message":"Worker 19889 started on port 3001 in development mode","service":"git-commit-tracker","timestamp":"2026-04-14T05:22:30.137Z"}
{"level":"info","message":"Listening for Webhooks at: http://localhost:3001/webhook/git","service":"git-commit-tracker","timestamp":"2026-04-14T05:22:30.139Z"}
{"level":"info","message":"Worker 19884 designated as queue worker","service":"git-commit-tracker","timestamp":"2026-04-14T05:22:30.138Z"}
{"level":"info","message":"Worker 19888 started on port 3001 in development mode","service":"git-commit-tracker","timestamp":"2026-04-14T05:22:30.139Z"}
{"level":"info","message":"Worker 19884 started on port 3001 in development mode","service":"git-commit-tracker","timestamp":"2026-04-14T05:22:30.141Z"}
{"level":"info","message":"Listening for Webhooks at: http://localhost:3001/webhook/git","service":"git-commit-tracker","timestamp":"2026-04-14T05:22:30.141Z"}
{"level":"info","message":"Listening for Webhooks at: http://localhost:3001/webhook/git","service":"git-commit-tracker","timestamp":"2026-04-14T05:22:30.142Z"}
{"level":"info","message":"Worker 19885 started on port 3001 in development mode","service":"git-commit-tracker","timestamp":"2026-04-14T05:22:30.146Z"}
{"level":"info","message":"Listening for Webhooks at: http://localhost:3001/webhook/git","service":"git-commit-tracker","timestamp":"2026-04-14T05:22:30.148Z"}
{"level":"info","message":"Worker 19886 started on port 3001 in development mode","service":"git-commit-tracker","timestamp":"2026-04-14T05:22:30.148Z"}
{"level":"info","message":"Worker 19892 started on port 3001 in development mode","service":"git-commit-tracker","timestamp":"2026-04-14T05:22:30.148Z"}
{"level":"info","message":"Listening for Webhooks at: http://localhost:3001/webhook/git","service":"git-commit-tracker","timestamp":"2026-04-14T05:22:30.149Z"}
{"level":"info","message":"Listening for Webhooks at: http://localhost:3001/webhook/git","service":"git-commit-tracker","timestamp":"2026-04-14T05:22:30.150Z"}
{"level":"info","message":"Incoming Webhook Push Event received","service":"git-commit-tracker","timestamp":"2026-04-14T05:23:07.943Z"}
{"level":"info","message":"Webhook added to queue. Queue size: 1, Active: 0","service":"git-commit-tracker","timestamp":"2026-04-14T05:23:07.945Z"}
{"level":"info","message":"Processing webhook. Queue: 0, Active: 1, Retry: 0","service":"git-commit-tracker","timestamp":"2026-04-14T05:23:07.946Z"}
{"level":"info","message":"--- Inside processPushPayload ---","service":"git-commit-tracker","timestamp":"2026-04-14T05:23:07.946Z"}
{"level":"info","message":"Found 1 commits in payload.","service":"git-commit-tracker","timestamp":"2026-04-14T05:23:07.947Z"}
{"level":"info","message":"::ffff:127.0.0.1 - - [14/Apr/2026:05:23:07 +0000] \"POST /webhook/git HTTP/1.1\" 202 59 \"-\" \"GitHub-Hookshot/2db9b08\"","service":"git-commit-tracker","timestamp":"2026-04-14T05:23:07.947Z"}
{"level":"info","message":"Fetching detailed stats for commit: Psquarecompany-psqrco/MASSAED_CLIENT@4a9902e3031d7b01f1fc0fb1c0181efcad89dcb3","service":"git-commit-tracker","timestamp":"2026-04-14T05:23:07.948Z"}
{"level":"info","message":"Loaded 1 items from queue backup","service":"git-commit-tracker","timestamp":"2026-04-14T05:23:08.786Z"}
{"level":"info","message":"Master process 20161 is running","service":"git-commit-tracker","timestamp":"2026-04-14T05:23:08.789Z"}
{"level":"info","message":"Forking 10 workers...","service":"git-commit-tracker","timestamp":"2026-04-14T05:23:08.789Z"}
{"level":"info","message":"Worker 20163 designated as queue worker","service":"git-commit-tracker","timestamp":"2026-04-14T05:23:08.791Z"}
{"level":"info","message":"Master process 20210 is running","service":"git-commit-tracker","timestamp":"2026-04-14T05:23:09.053Z"}
{"level":"info","message":"Forking 10 workers...","service":"git-commit-tracker","timestamp":"2026-04-14T05:23:09.055Z"}
{"level":"info","message":"Worker 20219 designated as queue worker","service":"git-commit-tracker","timestamp":"2026-04-14T05:23:09.056Z"}
{"level":"info","message":"Worker 20225 started on port 3001 in development mode","service":"git-commit-tracker","timestamp":"2026-04-14T05:23:09.445Z"}
{"level":"info","message":"Listening for Webhooks at: http://localhost:3001/webhook/git","service":"git-commit-tracker","timestamp":"2026-04-14T05:23:09.448Z"}
{"level":"info","message":"Worker 20226 started on port 3001 in development mode","service":"git-commit-tracker","timestamp":"2026-04-14T05:23:09.482Z"}
{"level":"info","message":"Listening for Webhooks at: http://localhost:3001/webhook/git","service":"git-commit-tracker","timestamp":"2026-04-14T05:23:09.483Z"}
{"level":"info","message":"Worker 20221 started on port 3001 in development mode","service":"git-commit-tracker","timestamp":"2026-04-14T05:23:09.484Z"}
{"level":"info","message":"Listening for Webhooks at: http://localhost:3001/webhook/git","service":"git-commit-tracker","timestamp":"2026-04-14T05:23:09.487Z"}
{"level":"info","message":"Worker 20224 started on port 3001 in development mode","service":"git-commit-tracker","timestamp":"2026-04-14T05:23:09.488Z"}
{"level":"info","message":"Listening for Webhooks at: http://localhost:3001/webhook/git","service":"git-commit-tracker","timestamp":"2026-04-14T05:23:09.490Z"}
{"level":"info","message":"Worker 20223 started on port 3001 in development mode","service":"git-commit-tracker","timestamp":"2026-04-14T05:23:09.488Z"}
{"level":"info","message":"Worker 20229 started on port 3001 in development mode","service":"git-commit-tracker","timestamp":"2026-04-14T05:23:09.489Z"}
{"level":"info","message":"Listening for Webhooks at: http://localhost:3001/webhook/git","service":"git-commit-tracker","timestamp":"2026-04-14T05:23:09.491Z"}
{"level":"info","message":"Listening for Webhooks at: http://localhost:3001/webhook/git","service":"git-commit-tracker","timestamp":"2026-04-14T05:23:09.491Z"}
{"level":"info","message":"Worker 20219 designated as queue worker","service":"git-commit-tracker","timestamp":"2026-04-14T05:23:09.487Z"}
{"level":"info","message":"Worker 20219 started on port 3001 in development mode","service":"git-commit-tracker","timestamp":"2026-04-14T05:23:09.491Z"}
{"level":"info","message":"Listening for Webhooks at: http://localhost:3001/webhook/git","service":"git-commit-tracker","timestamp":"2026-04-14T05:23:09.491Z"}
{"level":"info","message":"Worker 20220 started on port 3001 in development mode","service":"git-commit-tracker","timestamp":"2026-04-14T05:23:09.491Z"}
{"level":"info","message":"Listening for Webhooks at: http://localhost:3001/webhook/git","service":"git-commit-tracker","timestamp":"2026-04-14T05:23:09.493Z"}
{"level":"info","message":"Worker 20228 started on port 3001 in development mode","service":"git-commit-tracker","timestamp":"2026-04-14T05:23:09.492Z"}
{"level":"info","message":"Listening for Webhooks at: http://localhost:3001/webhook/git","service":"git-commit-tracker","timestamp":"2026-04-14T05:23:09.493Z"}
{"level":"info","message":"Worker 20222 started on port 3001 in development mode","service":"git-commit-tracker","timestamp":"2026-04-14T05:23:09.494Z"}
{"level":"info","message":"Listening for Webhooks at: http://localhost:3001/webhook/git","service":"git-commit-tracker","timestamp":"2026-04-14T05:23:09.495Z"}
{"level":"info","message":"Incoming Webhook Push Event received","service":"git-commit-tracker","timestamp":"2026-04-14T05:24:25.706Z"}
{"level":"info","message":"Webhook added to queue. Queue size: 1, Active: 0","service":"git-commit-tracker","timestamp":"2026-04-14T05:24:25.707Z"}
{"level":"info","message":"Processing webhook. Queue: 0, Active: 1, Retry: 0","service":"git-commit-tracker","timestamp":"2026-04-14T05:24:25.708Z"}
{"level":"info","message":"--- Inside processPushPayload ---","service":"git-commit-tracker","timestamp":"2026-04-14T05:24:25.708Z"}
{"level":"info","message":"Found 1 commits in payload.","service":"git-commit-tracker","timestamp":"2026-04-14T05:24:25.709Z"}
{"level":"info","message":"::ffff:127.0.0.1 - - [14/Apr/2026:05:24:25 +0000] \"POST /webhook/git HTTP/1.1\" 202 59 \"-\" \"GitHub-Hookshot/2db9b08\"","service":"git-commit-tracker","timestamp":"2026-04-14T05:24:25.709Z"}
{"level":"info","message":"Fetching detailed stats for commit: Psquarecompany-psqrco/MASSAED_CLIENT@6ce2c614d8eb45b9c5c0269196f65309cedc1947","service":"git-commit-tracker","timestamp":"2026-04-14T05:24:25.709Z"}
{"level":"info","message":"Successfully fetched details for 1 files in commit 6ce2c614d8eb45b9c5c0269196f65309cedc1947","service":"git-commit-tracker","timestamp":"2026-04-14T05:24:26.650Z"}
{"level":"info","message":"\n=== Changes for App.tsx (Modified) by sundansharma@Sundans-Mac-mini.local ===","service":"git-commit-tracker","timestamp":"2026-04-14T05:24:26.650Z"}
{"level":"info","message":"Additions: 0 | Deletions: 3","service":"git-commit-tracker","timestamp":"2026-04-14T05:24:26.651Z"}
{"level":"info","message":"====================================================\n","service":"git-commit-tracker","timestamp":"2026-04-14T05:24:26.651Z"}
{"level":"info","message":"Processing 1 file changes for repo MASSAED_CLIENT...","service":"git-commit-tracker","timestamp":"2026-04-14T05:24:26.651Z"}
{"level":"info","message":"Loaded 1 items from queue backup","service":"git-commit-tracker","timestamp":"2026-04-14T05:24:27.311Z"}
{"level":"info","message":"Master process 20948 is running","service":"git-commit-tracker","timestamp":"2026-04-14T05:24:27.313Z"}
{"level":"info","message":"Forking 10 workers...","service":"git-commit-tracker","timestamp":"2026-04-14T05:24:27.314Z"}
{"level":"info","message":"Worker 20956 designated as queue worker","service":"git-commit-tracker","timestamp":"2026-04-14T05:24:27.315Z"}
{"level":"info","message":"Master process 21000 is running","service":"git-commit-tracker","timestamp":"2026-04-14T05:24:27.600Z"}
{"level":"info","message":"Forking 10 workers...","service":"git-commit-tracker","timestamp":"2026-04-14T05:24:27.601Z"}
{"level":"info","message":"Worker 21002 designated as queue worker","service":"git-commit-tracker","timestamp":"2026-04-14T05:24:27.602Z"}
{"level":"info","message":"Worker 21002 designated as queue worker","service":"git-commit-tracker","timestamp":"2026-04-14T05:24:28.010Z"}
{"level":"info","message":"Worker 21002 started on port 3001 in development mode","service":"git-commit-tracker","timestamp":"2026-04-14T05:24:28.014Z"}
{"level":"info","message":"Listening for Webhooks at: http://localhost:3001/webhook/git","service":"git-commit-tracker","timestamp":"2026-04-14T05:24:28.014Z"}
{"level":"info","message":"Worker 21007 started on port 3001 in development mode","service":"git-commit-tracker","timestamp":"2026-04-14T05:24:28.018Z"}
{"level":"info","message":"Listening for Webhooks at: http://localhost:3001/webhook/git","service":"git-commit-tracker","timestamp":"2026-04-14T05:24:28.022Z"}
{"level":"info","message":"Worker 21006 started on port 3001 in development mode","service":"git-commit-tracker","timestamp":"2026-04-14T05:24:28.022Z"}
{"level":"info","message":"Worker 21004 started on port 3001 in development mode","service":"git-commit-tracker","timestamp":"2026-04-14T05:24:28.022Z"}
{"level":"info","message":"Listening for Webhooks at: http://localhost:3001/webhook/git","service":"git-commit-tracker","timestamp":"2026-04-14T05:24:28.024Z"}
{"level":"info","message":"Listening for Webhooks at: http://localhost:3001/webhook/git","service":"git-commit-tracker","timestamp":"2026-04-14T05:24:28.024Z"}
{"level":"info","message":"Worker 21008 started on port 3001 in development mode","service":"git-commit-tracker","timestamp":"2026-04-14T05:24:28.030Z"}
{"level":"info","message":"Listening for Webhooks at: http://localhost:3001/webhook/git","service":"git-commit-tracker","timestamp":"2026-04-14T05:24:28.033Z"}
{"level":"info","message":"Worker 21005 started on port 3001 in development mode","service":"git-commit-tracker","timestamp":"2026-04-14T05:24:28.034Z"}
{"level":"info","message":"Listening for Webhooks at: http://localhost:3001/webhook/git","service":"git-commit-tracker","timestamp":"2026-04-14T05:24:28.036Z"}
{"level":"info","message":"Worker 21003 started on port 3001 in development mode","service":"git-commit-tracker","timestamp":"2026-04-14T05:24:28.036Z"}
{"level":"info","message":"Worker 21009 started on port 3001 in development mode","service":"git-commit-tracker","timestamp":"2026-04-14T05:24:28.037Z"}
{"level":"info","message":"Listening for Webhooks at: http://localhost:3001/webhook/git","service":"git-commit-tracker","timestamp":"2026-04-14T05:24:28.039Z"}
{"level":"info","message":"Listening for Webhooks at: http://localhost:3001/webhook/git","service":"git-commit-tracker","timestamp":"2026-04-14T05:24:28.039Z"}
{"level":"info","message":"Worker 21011 started on port 3001 in development mode","service":"git-commit-tracker","timestamp":"2026-04-14T05:24:28.041Z"}
{"level":"info","message":"Listening for Webhooks at: http://localhost:3001/webhook/git","service":"git-commit-tracker","timestamp":"2026-04-14T05:24:28.043Z"}
{"level":"info","message":"Worker 21010 started on port 3001 in development mode","service":"git-commit-tracker","timestamp":"2026-04-14T05:24:28.043Z"}
{"level":"info","message":"Listening for Webhooks at: http://localhost:3001/webhook/git","service":"git-commit-tracker","timestamp":"2026-04-14T05:24:28.045Z"}
{"level":"info","message":"Master process 21098 is running","service":"git-commit-tracker","timestamp":"2026-04-14T05:25:17.455Z"}
{"level":"info","message":"Forking 10 workers...","service":"git-commit-tracker","timestamp":"2026-04-14T05:25:17.457Z"}
{"level":"info","message":"Worker 21107 designated as queue worker","service":"git-commit-tracker","timestamp":"2026-04-14T05:25:17.458Z"}
{"level":"info","message":"Worker 21115 started on port 3001 in development mode","service":"git-commit-tracker","timestamp":"2026-04-14T05:25:17.912Z"}
{"level":"info","message":"Listening for Webhooks at: http://localhost:3001/webhook/git","service":"git-commit-tracker","timestamp":"2026-04-14T05:25:17.915Z"}
{"level":"info","message":"Worker 21112 started on port 3001 in development mode","service":"git-commit-tracker","timestamp":"2026-04-14T05:25:17.915Z"}
{"level":"info","message":"Listening for Webhooks at: http://localhost:3001/webhook/git","service":"git-commit-tracker","timestamp":"2026-04-14T05:25:17.917Z"}
{"level":"info","message":"Worker 21108 started on port 3001 in development mode","service":"git-commit-tracker","timestamp":"2026-04-14T05:25:17.949Z"}
{"level":"info","message":"Listening for Webhooks at: http://localhost:3001/webhook/git","service":"git-commit-tracker","timestamp":"2026-04-14T05:25:17.950Z"}
{"level":"info","message":"Worker 21107 designated as queue worker","service":"git-commit-tracker","timestamp":"2026-04-14T05:25:17.948Z"}
{"level":"info","message":"Worker 21107 started on port 3001 in development mode","service":"git-commit-tracker","timestamp":"2026-04-14T05:25:17.953Z"}
{"level":"info","message":"Listening for Webhooks at: http://localhost:3001/webhook/git","service":"git-commit-tracker","timestamp":"2026-04-14T05:25:17.953Z"}
{"level":"info","message":"Worker 21113 started on port 3001 in development mode","service":"git-commit-tracker","timestamp":"2026-04-14T05:25:17.956Z"}
{"level":"info","message":"Listening for Webhooks at: http://localhost:3001/webhook/git","service":"git-commit-tracker","timestamp":"2026-04-14T05:25:17.958Z"}
{"level":"info","message":"Worker 21116 started on port 3001 in development mode","service":"git-commit-tracker","timestamp":"2026-04-14T05:25:17.957Z"}
{"level":"info","message":"Listening for Webhooks at: http://localhost:3001/webhook/git","service":"git-commit-tracker","timestamp":"2026-04-14T05:25:17.959Z"}
{"level":"info","message":"Worker 21110 started on port 3001 in development mode","service":"git-commit-tracker","timestamp":"2026-04-14T05:25:17.962Z"}
{"level":"info","message":"Listening for Webhooks at: http://localhost:3001/webhook/git","service":"git-commit-tracker","timestamp":"2026-04-14T05:25:17.964Z"}
{"level":"info","message":"Worker 21114 started on port 3001 in development mode","service":"git-commit-tracker","timestamp":"2026-04-14T05:25:17.969Z"}
{"level":"info","message":"Listening for Webhooks at: http://localhost:3001/webhook/git","service":"git-commit-tracker","timestamp":"2026-04-14T05:25:17.970Z"}
{"level":"info","message":"Worker 21111 started on port 3001 in development mode","service":"git-commit-tracker","timestamp":"2026-04-14T05:25:17.971Z"}
{"level":"info","message":"Listening for Webhooks at: http://localhost:3001/webhook/git","service":"git-commit-tracker","timestamp":"2026-04-14T05:25:17.973Z"}
{"level":"info","message":"Worker 21109 started on port 3001 in development mode","service":"git-commit-tracker","timestamp":"2026-04-14T05:25:17.972Z"}
{"level":"info","message":"Listening for Webhooks at: http://localhost:3001/webhook/git","service":"git-commit-tracker","timestamp":"2026-04-14T05:25:17.974Z"}
{"level":"info","message":"Master process 21160 is running","service":"git-commit-tracker","timestamp":"2026-04-14T05:25:28.825Z"}
{"level":"info","message":"Forking 10 workers...","service":"git-commit-tracker","timestamp":"2026-04-14T05:25:28.827Z"}
{"level":"info","message":"Worker 21164 designated as queue worker","service":"git-commit-tracker","timestamp":"2026-04-14T05:25:28.828Z"}
{"level":"info","message":"Worker 21169 started on port 3001 in development mode","service":"git-commit-tracker","timestamp":"2026-04-14T05:25:29.255Z"}
{"level":"info","message":"Worker 21164 designated as queue worker","service":"git-commit-tracker","timestamp":"2026-04-14T05:25:29.244Z"}
{"level":"info","message":"Listening for Webhooks at: http://localhost:3001/webhook/git","service":"git-commit-tracker","timestamp":"2026-04-14T05:25:29.258Z"}
{"level":"info","message":"Worker 21164 started on port 3001 in development mode","service":"git-commit-tracker","timestamp":"2026-04-14T05:25:29.251Z"}
{"level":"info","message":"Listening for Webhooks at: http://localhost:3001/webhook/git","service":"git-commit-tracker","timestamp":"2026-04-14T05:25:29.255Z"}
{"level":"info","message":"Worker 21168 started on port 3001 in development mode","service":"git-commit-tracker","timestamp":"2026-04-14T05:25:29.270Z"}
{"level":"info","message":"Listening for Webhooks at: http://localhost:3001/webhook/git","service":"git-commit-tracker","timestamp":"2026-04-14T05:25:29.274Z"}
{"level":"info","message":"Worker 21167 started on port 3001 in development mode","service":"git-commit-tracker","timestamp":"2026-04-14T05:25:29.272Z"}
{"level":"info","message":"Listening for Webhooks at: http://localhost:3001/webhook/git","service":"git-commit-tracker","timestamp":"2026-04-14T05:25:29.275Z"}
{"level":"info","message":"Worker 21165 started on port 3001 in development mode","service":"git-commit-tracker","timestamp":"2026-04-14T05:25:29.281Z"}
{"level":"info","message":"Listening for Webhooks at: http://localhost:3001/webhook/git","service":"git-commit-tracker","timestamp":"2026-04-14T05:25:29.284Z"}
{"level":"info","message":"Worker 21170 started on port 3001 in development mode","service":"git-commit-tracker","timestamp":"2026-04-14T05:25:29.285Z"}
{"level":"info","message":"Listening for Webhooks at: http://localhost:3001/webhook/git","service":"git-commit-tracker","timestamp":"2026-04-14T05:25:29.287Z"}
{"level":"info","message":"Worker 21172 started on port 3001 in development mode","service":"git-commit-tracker","timestamp":"2026-04-14T05:25:29.289Z"}
{"level":"info","message":"Listening for Webhooks at: http://localhost:3001/webhook/git","service":"git-commit-tracker","timestamp":"2026-04-14T05:25:29.292Z"}
{"level":"info","message":"Worker 21166 started on port 3001 in development mode","service":"git-commit-tracker","timestamp":"2026-04-14T05:25:29.292Z"}
{"level":"info","message":"Listening for Webhooks at: http://localhost:3001/webhook/git","service":"git-commit-tracker","timestamp":"2026-04-14T05:25:29.293Z"}
{"level":"info","message":"Worker 21171 started on port 3001 in development mode","service":"git-commit-tracker","timestamp":"2026-04-14T05:25:29.293Z"}
{"level":"info","message":"Listening for Webhooks at: http://localhost:3001/webhook/git","service":"git-commit-tracker","timestamp":"2026-04-14T05:25:29.295Z"}
{"level":"info","message":"Worker 21173 started on port 3001 in development mode","service":"git-commit-tracker","timestamp":"2026-04-14T05:25:29.306Z"}
{"level":"info","message":"Listening for Webhooks at: http://localhost:3001/webhook/git","service":"git-commit-tracker","timestamp":"2026-04-14T05:25:29.307Z"}
{"level":"info","message":"Incoming Webhook Push Event received","service":"git-commit-tracker","timestamp":"2026-04-14T05:26:30.279Z"}
{"level":"info","message":"Webhook added to queue. Queue size: 1, Active: 0","service":"git-commit-tracker","timestamp":"2026-04-14T05:26:30.283Z"}
{"level":"info","message":"Processing webhook. Queue: 0, Active: 1, Retry: 0","service":"git-commit-tracker","timestamp":"2026-04-14T05:26:30.284Z"}
{"level":"info","message":"--- Inside processPushPayload ---","service":"git-commit-tracker","timestamp":"2026-04-14T05:26:30.284Z"}
{"level":"info","message":"Found 1 commits in payload.","service":"git-commit-tracker","timestamp":"2026-04-14T05:26:30.285Z"}
{"level":"info","message":"::ffff:127.0.0.1 - - [14/Apr/2026:05:26:30 +0000] \"POST /webhook/git HTTP/1.1\" 202 59 \"-\" \"GitHub-Hookshot/2db9b08\"","service":"git-commit-tracker","timestamp":"2026-04-14T05:26:30.285Z"}
{"level":"info","message":"Fetching detailed stats for commit: Psquarecompany-psqrco/MASSAED_CLIENT@3c614025fe97d1c16700e18b7454f035ff91187a","service":"git-commit-tracker","timestamp":"2026-04-14T05:26:30.286Z"}
{"level":"info","message":"Loaded 1 items from queue backup","service":"git-commit-tracker","timestamp":"2026-04-14T05:26:30.956Z"}
{"level":"info","message":"Master process 23054 is running","service":"git-commit-tracker","timestamp":"2026-04-14T05:26:30.959Z"}
{"level":"info","message":"Forking 10 workers...","service":"git-commit-tracker","timestamp":"2026-04-14T05:26:30.959Z"}
{"level":"info","message":"Worker 23062 designated as queue worker","service":"git-commit-tracker","timestamp":"2026-04-14T05:26:30.961Z"}
{"level":"info","message":"Master process 23106 is running","service":"git-commit-tracker","timestamp":"2026-04-14T05:26:31.199Z"}
{"level":"info","message":"Forking 10 workers...","service":"git-commit-tracker","timestamp":"2026-04-14T05:26:31.201Z"}
{"level":"info","message":"Worker 23110 designated as queue worker","service":"git-commit-tracker","timestamp":"2026-04-14T05:26:31.202Z"}
{"level":"info","message":"Worker 23118 started on port 3001 in development mode","service":"git-commit-tracker","timestamp":"2026-04-14T05:26:31.814Z"}
{"level":"info","message":"Listening for Webhooks at: http://localhost:3001/webhook/git","service":"git-commit-tracker","timestamp":"2026-04-14T05:26:31.815Z"}
{"level":"info","message":"Worker 23113 started on port 3001 in development mode","service":"git-commit-tracker","timestamp":"2026-04-14T05:26:31.913Z"}
{"level":"info","message":"Listening for Webhooks at: http://localhost:3001/webhook/git","service":"git-commit-tracker","timestamp":"2026-04-14T05:26:31.916Z"}
{"level":"info","message":"Worker 23117 started on port 3001 in development mode","service":"git-commit-tracker","timestamp":"2026-04-14T05:26:31.939Z"}
{"level":"info","message":"Listening for Webhooks at: http://localhost:3001/webhook/git","service":"git-commit-tracker","timestamp":"2026-04-14T05:26:31.942Z"}
{"level":"info","message":"Worker 23116 started on port 3001 in development mode","service":"git-commit-tracker","timestamp":"2026-04-14T05:26:31.944Z"}
{"level":"info","message":"Listening for Webhooks at: http://localhost:3001/webhook/git","service":"git-commit-tracker","timestamp":"2026-04-14T05:26:31.945Z"}
{"level":"info","message":"Worker 23112 started on port 3001 in development mode","service":"git-commit-tracker","timestamp":"2026-04-14T05:26:31.957Z"}
{"level":"info","message":"Listening for Webhooks at: http://localhost:3001/webhook/git","service":"git-commit-tracker","timestamp":"2026-04-14T05:26:31.960Z"}
{"level":"info","message":"Worker 23114 started on port 3001 in development mode","service":"git-commit-tracker","timestamp":"2026-04-14T05:26:31.955Z"}
{"level":"info","message":"Listening for Webhooks at: http://localhost:3001/webhook/git","service":"git-commit-tracker","timestamp":"2026-04-14T05:26:31.960Z"}
{"level":"info","message":"Worker 23115 started on port 3001 in development mode","service":"git-commit-tracker","timestamp":"2026-04-14T05:26:31.971Z"}
{"level":"info","message":"Worker 23119 started on port 3001 in development mode","service":"git-commit-tracker","timestamp":"2026-04-14T05:26:31.970Z"}
{"level":"info","message":"Listening for Webhooks at: http://localhost:3001/webhook/git","service":"git-commit-tracker","timestamp":"2026-04-14T05:26:31.974Z"}
{"level":"info","message":"Listening for Webhooks at: http://localhost:3001/webhook/git","service":"git-commit-tracker","timestamp":"2026-04-14T05:26:31.975Z"}
{"level":"info","message":"Worker 23110 designated as queue worker","service":"git-commit-tracker","timestamp":"2026-04-14T05:26:31.972Z"}
{"level":"info","message":"Worker 23110 started on port 3001 in development mode","service":"git-commit-tracker","timestamp":"2026-04-14T05:26:31.980Z"}
{"level":"info","message":"Listening for Webhooks at: http://localhost:3001/webhook/git","service":"git-commit-tracker","timestamp":"2026-04-14T05:26:31.980Z"}
{"level":"info","message":"Worker 23111 started on port 3001 in development mode","service":"git-commit-tracker","timestamp":"2026-04-14T05:26:31.980Z"}
{"level":"info","message":"Listening for Webhooks at: http://localhost:3001/webhook/git","service":"git-commit-tracker","timestamp":"2026-04-14T05:26:31.983Z"}
{"level":"info","message":"Master process 24822 is running","service":"git-commit-tracker","timestamp":"2026-04-14T05:27:54.663Z"}
{"level":"info","message":"Forking 10 workers...","service":"git-commit-tracker","timestamp":"2026-04-14T05:27:54.664Z"}
{"level":"info","message":"Worker 24831 designated as queue worker","service":"git-commit-tracker","timestamp":"2026-04-14T05:27:54.667Z"}
{"level":"info","message":"Worker 24841 started on port 3001 in development mode","service":"git-commit-tracker","timestamp":"2026-04-14T05:27:55.495Z"}
{"level":"info","message":"Listening for Webhooks at: http://localhost:3001/webhook/git","service":"git-commit-tracker","timestamp":"2026-04-14T05:27:55.500Z"}
{"level":"info","message":"Worker 24833 started on port 3001 in development mode","service":"git-commit-tracker","timestamp":"2026-04-14T05:27:55.528Z"}
{"level":"info","message":"Listening for Webhooks at: http://localhost:3001/webhook/git","service":"git-commit-tracker","timestamp":"2026-04-14T05:27:55.534Z"}
{"level":"info","message":"Worker 24838 started on port 3001 in development mode","service":"git-commit-tracker","timestamp":"2026-04-14T05:27:55.549Z"}
{"level":"info","message":"Listening for Webhooks at: http://localhost:3001/webhook/git","service":"git-commit-tracker","timestamp":"2026-04-14T05:27:55.552Z"}
{"level":"info","message":"Worker 24836 started on port 3001 in development mode","service":"git-commit-tracker","timestamp":"2026-04-14T05:27:55.575Z"}
{"level":"info","message":"Listening for Webhooks at: http://localhost:3001/webhook/git","service":"git-commit-tracker","timestamp":"2026-04-14T05:27:55.589Z"}
{"level":"info","message":"Worker 24831 designated as queue worker","service":"git-commit-tracker","timestamp":"2026-04-14T05:27:55.586Z"}
{"level":"info","message":"Worker 24831 started on port 3001 in development mode","service":"git-commit-tracker","timestamp":"2026-04-14T05:27:55.590Z"}
{"level":"info","message":"Listening for Webhooks at: http://localhost:3001/webhook/git","service":"git-commit-tracker","timestamp":"2026-04-14T05:27:55.590Z"}
{"level":"info","message":"Worker 24832 started on port 3001 in development mode","service":"git-commit-tracker","timestamp":"2026-04-14T05:27:55.570Z"}
{"level":"info","message":"Listening for Webhooks at: http://localhost:3001/webhook/git","service":"git-commit-tracker","timestamp":"2026-04-14T05:27:55.600Z"}
{"level":"info","message":"Worker 24837 started on port 3001 in development mode","service":"git-commit-tracker","timestamp":"2026-04-14T05:27:55.603Z"}
{"level":"info","message":"Listening for Webhooks at: http://localhost:3001/webhook/git","service":"git-commit-tracker","timestamp":"2026-04-14T05:27:55.609Z"}
{"level":"info","message":"Worker 24834 started on port 3001 in development mode","service":"git-commit-tracker","timestamp":"2026-04-14T05:27:55.602Z"}
{"level":"info","message":"Listening for Webhooks at: http://localhost:3001/webhook/git","service":"git-commit-tracker","timestamp":"2026-04-14T05:27:55.612Z"}
{"level":"info","message":"Worker 24839 started on port 3001 in development mode","service":"git-commit-tracker","timestamp":"2026-04-14T05:27:55.614Z"}
{"level":"info","message":"Listening for Webhooks at: http://localhost:3001/webhook/git","service":"git-commit-tracker","timestamp":"2026-04-14T05:27:55.617Z"}
{"level":"info","message":"Worker 24840 started on port 3001 in development mode","service":"git-commit-tracker","timestamp":"2026-04-14T05:27:55.614Z"}
{"level":"info","message":"Listening for Webhooks at: http://localhost:3001/webhook/git","service":"git-commit-tracker","timestamp":"2026-04-14T05:27:55.620Z"}
{"level":"info","message":"Master process 24968 is running","service":"git-commit-tracker","timestamp":"2026-04-14T05:28:02.649Z"}
{"level":"info","message":"Forking 10 workers...","service":"git-commit-tracker","timestamp":"2026-04-14T05:28:02.651Z"}
{"level":"info","message":"Worker 24974 designated as queue worker","service":"git-commit-tracker","timestamp":"2026-04-14T05:28:02.653Z"}
{"level":"info","message":"Worker 24975 started on port 3001 in development mode","service":"git-commit-tracker","timestamp":"2026-04-14T05:28:03.301Z"}
{"level":"info","message":"Listening for Webhooks at: http://localhost:3001/webhook/git","service":"git-commit-tracker","timestamp":"2026-04-14T05:28:03.303Z"}
{"level":"info","message":"Worker 24979 started on port 3001 in development mode","service":"git-commit-tracker","timestamp":"2026-04-14T05:28:03.359Z"}
{"level":"info","message":"Listening for Webhooks at: http://localhost:3001/webhook/git","service":"git-commit-tracker","timestamp":"2026-04-14T05:28:03.362Z"}
{"level":"info","message":"Worker 24982 started on port 3001 in development mode","service":"git-commit-tracker","timestamp":"2026-04-14T05:28:03.364Z"}
{"level":"info","message":"Listening for Webhooks at: http://localhost:3001/webhook/git","service":"git-commit-tracker","timestamp":"2026-04-14T05:28:03.366Z"}
{"level":"info","message":"Worker 24978 started on port 3001 in development mode","service":"git-commit-tracker","timestamp":"2026-04-14T05:28:03.366Z"}
{"level":"info","message":"Worker 24981 started on port 3001 in development mode","service":"git-commit-tracker","timestamp":"2026-04-14T05:28:03.364Z"}
{"level":"info","message":"Listening for Webhooks at: http://localhost:3001/webhook/git","service":"git-commit-tracker","timestamp":"2026-04-14T05:28:03.368Z"}
{"level":"info","message":"Listening for Webhooks at: http://localhost:3001/webhook/git","service":"git-commit-tracker","timestamp":"2026-04-14T05:28:03.370Z"}
{"level":"info","message":"Worker 24976 started on port 3001 in development mode","service":"git-commit-tracker","timestamp":"2026-04-14T05:28:03.368Z"}
{"level":"info","message":"Listening for Webhooks at: http://localhost:3001/webhook/git","service":"git-commit-tracker","timestamp":"2026-04-14T05:28:03.371Z"}
{"level":"info","message":"Worker 24977 started on port 3001 in development mode","service":"git-commit-tracker","timestamp":"2026-04-14T05:28:03.378Z"}
{"level":"info","message":"Listening for Webhooks at: http://localhost:3001/webhook/git","service":"git-commit-tracker","timestamp":"2026-04-14T05:28:03.381Z"}
{"level":"info","message":"Worker 24974 designated as queue worker","service":"git-commit-tracker","timestamp":"2026-04-14T05:28:03.380Z"}
{"level":"info","message":"Worker 24974 started on port 3001 in development mode","service":"git-commit-tracker","timestamp":"2026-04-14T05:28:03.384Z"}
{"level":"info","message":"Listening for Webhooks at: http://localhost:3001/webhook/git","service":"git-commit-tracker","timestamp":"2026-04-14T05:28:03.384Z"}
{"level":"info","message":"Worker 24980 started on port 3001 in development mode","service":"git-commit-tracker","timestamp":"2026-04-14T05:28:03.396Z"}
{"level":"info","message":"Listening for Webhooks at: http://localhost:3001/webhook/git","service":"git-commit-tracker","timestamp":"2026-04-14T05:28:03.399Z"}
{"level":"info","message":"Worker 24983 started on port 3001 in development mode","service":"git-commit-tracker","timestamp":"2026-04-14T05:28:03.408Z"}
{"level":"info","message":"Listening for Webhooks at: http://localhost:3001/webhook/git","service":"git-commit-tracker","timestamp":"2026-04-14T05:28:03.412Z"}
{"level":"info","message":"Master process 25130 is running","service":"git-commit-tracker","timestamp":"2026-04-14T05:28:09.898Z"}
{"level":"info","message":"Forking 10 workers...","service":"git-commit-tracker","timestamp":"2026-04-14T05:28:09.900Z"}
{"level":"info","message":"Worker 25133 designated as queue worker","service":"git-commit-tracker","timestamp":"2026-04-14T05:28:09.902Z"}
{"level":"info","message":"Worker 25138 started on port 3001 in development mode","service":"git-commit-tracker","timestamp":"2026-04-14T05:28:10.861Z"}
{"level":"info","message":"Listening for Webhooks at: http://localhost:3001/webhook/git","service":"git-commit-tracker","timestamp":"2026-04-14T05:28:10.863Z"}
{"level":"info","message":"Worker 25137 started on port 3001 in development mode","service":"git-commit-tracker","timestamp":"2026-04-14T05:28:10.861Z"}
{"level":"info","message":"Listening for Webhooks at: http://localhost:3001/webhook/git","service":"git-commit-tracker","timestamp":"2026-04-14T05:28:10.864Z"}
{"level":"info","message":"Worker 25142 started on port 3001 in development mode","service":"git-commit-tracker","timestamp":"2026-04-14T05:28:10.864Z"}
{"level":"info","message":"Listening for Webhooks at: http://localhost:3001/webhook/git","service":"git-commit-tracker","timestamp":"2026-04-14T05:28:10.868Z"}
{"level":"info","message":"Worker 25133 designated as queue worker","service":"git-commit-tracker","timestamp":"2026-04-14T05:28:10.866Z"}
{"level":"info","message":"Worker 25133 started on port 3001 in development mode","service":"git-commit-tracker","timestamp":"2026-04-14T05:28:10.871Z"}
{"level":"info","message":"Listening for Webhooks at: http://localhost:3001/webhook/git","service":"git-commit-tracker","timestamp":"2026-04-14T05:28:10.871Z"}
{"level":"info","message":"Worker 25140 started on port 3001 in development mode","service":"git-commit-tracker","timestamp":"2026-04-14T05:28:10.876Z"}
{"level":"info","message":"Listening for Webhooks at: http://localhost:3001/webhook/git","service":"git-commit-tracker","timestamp":"2026-04-14T05:28:10.878Z"}
{"level":"info","message":"Worker 25141 started on port 3001 in development mode","service":"git-commit-tracker","timestamp":"2026-04-14T05:28:10.884Z"}
{"level":"info","message":"Listening for Webhooks at: http://localhost:3001/webhook/git","service":"git-commit-tracker","timestamp":"2026-04-14T05:28:10.888Z"}
{"level":"info","message":"Worker 25136 started on port 3001 in development mode","service":"git-commit-tracker","timestamp":"2026-04-14T05:28:10.900Z"}
{"level":"info","message":"Listening for Webhooks at: http://localhost:3001/webhook/git","service":"git-commit-tracker","timestamp":"2026-04-14T05:28:10.903Z"}
{"level":"info","message":"Worker 25139 started on port 3001 in development mode","service":"git-commit-tracker","timestamp":"2026-04-14T05:28:10.906Z"}
{"level":"info","message":"Listening for Webhooks at: http://localhost:3001/webhook/git","service":"git-commit-tracker","timestamp":"2026-04-14T05:28:10.909Z"}
{"level":"info","message":"Worker 25134 started on port 3001 in development mode","service":"git-commit-tracker","timestamp":"2026-04-14T05:28:10.911Z"}
{"level":"info","message":"Listening for Webhooks at: http://localhost:3001/webhook/git","service":"git-commit-tracker","timestamp":"2026-04-14T05:28:10.914Z"}
{"level":"info","message":"Worker 25135 started on port 3001 in development mode","service":"git-commit-tracker","timestamp":"2026-04-14T05:28:10.918Z"}
{"level":"info","message":"Listening for Webhooks at: http://localhost:3001/webhook/git","service":"git-commit-tracker","timestamp":"2026-04-14T05:28:10.921Z"}
{"level":"info","message":"Incoming Webhook Push Event received","service":"git-commit-tracker","timestamp":"2026-04-14T05:28:48.989Z"}
{"level":"info","message":"Webhook added to queue. Queue size: 1, Active: 0","service":"git-commit-tracker","timestamp":"2026-04-14T05:28:48.991Z"}
{"level":"info","message":"Processing webhook. Queue: 0, Active: 1, Retry: 0","service":"git-commit-tracker","timestamp":"2026-04-14T05:28:48.992Z"}
{"level":"info","message":"--- Inside processPushPayload ---","service":"git-commit-tracker","timestamp":"2026-04-14T05:28:48.992Z"}
{"level":"info","message":"Found 1 commits in payload.","service":"git-commit-tracker","timestamp":"2026-04-14T05:28:48.992Z"}
{"level":"info","message":"::ffff:127.0.0.1 - - [14/Apr/2026:05:28:48 +0000] \"POST /webhook/git HTTP/1.1\" 202 59 \"-\" \"GitHub-Hookshot/2db9b08\"","service":"git-commit-tracker","timestamp":"2026-04-14T05:28:48.993Z"}
{"level":"info","message":"Fetching detailed stats for commit: Psquarecompany-psqrco/MASSAED_CLIENT@1cf20c42b387db9a9256f2059b5fb08387d282cf","service":"git-commit-tracker","timestamp":"2026-04-14T05:28:48.993Z"}
{"level":"info","message":"Master process 25946 is running","service":"git-commit-tracker","timestamp":"2026-04-14T05:28:50.135Z"}
{"level":"info","message":"Forking 10 workers...","service":"git-commit-tracker","timestamp":"2026-04-14T05:28:50.137Z"}
{"level":"info","message":"Worker 25954 designated as queue worker","service":"git-commit-tracker","timestamp":"2026-04-14T05:28:50.139Z"}
{"level":"info","message":"Worker 25960 started on port 3001 in development mode","service":"git-commit-tracker","timestamp":"2026-04-14T05:28:50.675Z"}
{"level":"info","message":"Listening for Webhooks at: http://localhost:3001/webhook/git","service":"git-commit-tracker","timestamp":"2026-04-14T05:28:50.678Z"}
{"level":"info","message":"Worker 25961 started on port 3001 in development mode","service":"git-commit-tracker","timestamp":"2026-04-14T05:28:50.667Z"}
{"level":"info","message":"Listening for Webhooks at: http://localhost:3001/webhook/git","service":"git-commit-tracker","timestamp":"2026-04-14T05:28:50.694Z"}
{"level":"info","message":"Worker 25954 designated as queue worker","service":"git-commit-tracker","timestamp":"2026-04-14T05:28:50.698Z"}
{"level":"info","message":"Worker 25958 started on port 3001 in development mode","service":"git-commit-tracker","timestamp":"2026-04-14T05:28:50.703Z"}
{"level":"info","message":"Worker 25954 started on port 3001 in development mode","service":"git-commit-tracker","timestamp":"2026-04-14T05:28:50.711Z"}
{"level":"info","message":"Listening for Webhooks at: http://localhost:3001/webhook/git","service":"git-commit-tracker","timestamp":"2026-04-14T05:28:50.711Z"}
{"level":"info","message":"Listening for Webhooks at: http://localhost:3001/webhook/git","service":"git-commit-tracker","timestamp":"2026-04-14T05:28:50.710Z"}
{"level":"info","message":"Worker 25957 started on port 3001 in development mode","service":"git-commit-tracker","timestamp":"2026-04-14T05:28:50.724Z"}
{"level":"info","message":"Listening for Webhooks at: http://localhost:3001/webhook/git","service":"git-commit-tracker","timestamp":"2026-04-14T05:28:50.728Z"}
{"level":"info","message":"Worker 25956 started on port 3001 in development mode","service":"git-commit-tracker","timestamp":"2026-04-14T05:28:50.731Z"}
{"level":"info","message":"Listening for Webhooks at: http://localhost:3001/webhook/git","service":"git-commit-tracker","timestamp":"2026-04-14T05:28:50.734Z"}
{"level":"info","message":"Worker 25962 started on port 3001 in development mode","service":"git-commit-tracker","timestamp":"2026-04-14T05:28:50.734Z"}
{"level":"info","message":"Listening for Webhooks at: http://localhost:3001/webhook/git","service":"git-commit-tracker","timestamp":"2026-04-14T05:28:50.737Z"}
{"level":"info","message":"Worker 25959 started on port 3001 in development mode","service":"git-commit-tracker","timestamp":"2026-04-14T05:28:50.758Z"}
{"level":"info","message":"Listening for Webhooks at: http://localhost:3001/webhook/git","service":"git-commit-tracker","timestamp":"2026-04-14T05:28:50.761Z"}
{"level":"info","message":"Worker 25963 started on port 3001 in development mode","service":"git-commit-tracker","timestamp":"2026-04-14T05:28:50.767Z"}
{"level":"info","message":"Listening for Webhooks at: http://localhost:3001/webhook/git","service":"git-commit-tracker","timestamp":"2026-04-14T05:28:50.769Z"}
{"level":"info","message":"Worker 25955 started on port 3001 in development mode","service":"git-commit-tracker","timestamp":"2026-04-14T05:28:50.782Z"}
{"level":"info","message":"Listening for Webhooks at: http://localhost:3001/webhook/git","service":"git-commit-tracker","timestamp":"2026-04-14T05:28:50.786Z"}
{"level":"info","message":"Server is running on port 3001 in development mode","service":"git-commit-tracker","timestamp":"2026-04-14T05:29:14.217Z"}
{"level":"info","message":"Listening for Webhooks at: http://localhost:3001/webhook/git","service":"git-commit-tracker","timestamp":"2026-04-14T05:29:14.219Z"}
{"level":"info","message":"Server is running on port 3001 in development mode","service":"git-commit-tracker","timestamp":"2026-04-14T05:29:30.232Z"}
{"level":"info","message":"Listening for Webhooks at: http://localhost:3001/webhook/git","service":"git-commit-tracker","timestamp":"2026-04-14T05:29:30.235Z"}
{"level":"info","message":"Incoming Webhook Push Event received","service":"git-commit-tracker","timestamp":"2026-04-14T05:30:12.055Z"}
{"level":"info","message":"Webhook added to queue. Queue size: 1, Active: 0","service":"git-commit-tracker","timestamp":"2026-04-14T05:30:12.060Z"}
{"level":"info","message":"Processing webhook. Queue: 0, Active: 1, Retry: 0","service":"git-commit-tracker","timestamp":"2026-04-14T05:30:12.062Z"}
{"level":"info","message":"--- Inside processPushPayload ---","service":"git-commit-tracker","timestamp":"2026-04-14T05:30:12.062Z"}
{"level":"info","message":"Found 1 commits in payload.","service":"git-commit-tracker","timestamp":"2026-04-14T05:30:12.063Z"}
{"level":"info","message":"::ffff:127.0.0.1 - - [14/Apr/2026:05:30:12 +0000] \"POST /webhook/git HTTP/1.1\" 202 59 \"-\" \"GitHub-Hookshot/2db9b08\"","service":"git-commit-tracker","timestamp":"2026-04-14T05:30:12.064Z"}
{"level":"info","message":"Fetching detailed stats for commit: Psquarecompany-psqrco/MASSAED_CLIENT@82008b6022af06bf695f52c2850afadddf5a6361","service":"git-commit-tracker","timestamp":"2026-04-14T05:30:12.064Z"}
{"level":"info","message":"Loaded 1 items from queue backup","service":"git-commit-tracker","timestamp":"2026-04-14T05:30:12.622Z"}
{"level":"info","message":"Processing webhook. Queue: 0, Active: 1, Retry: 0","service":"git-commit-tracker","timestamp":"2026-04-14T05:30:12.623Z"}
{"level":"info","message":"--- Inside processPushPayload ---","service":"git-commit-tracker","timestamp":"2026-04-14T05:30:12.623Z"}
{"level":"info","message":"Found 1 commits in payload.","service":"git-commit-tracker","timestamp":"2026-04-14T05:30:12.623Z"}
{"level":"info","message":"Server is running on port 3001 in development mode","service":"git-commit-tracker","timestamp":"2026-04-14T05:30:12.626Z"}
{"level":"info","message":"Listening for Webhooks at: http://localhost:3001/webhook/git","service":"git-commit-tracker","timestamp":"2026-04-14T05:30:12.626Z"}
{"level":"info","message":"Fetching detailed stats for commit: Psquarecompany-psqrco/MASSAED_CLIENT@82008b6022af06bf695f52c2850afadddf5a6361","service":"git-commit-tracker","timestamp":"2026-04-14T05:30:12.626Z"}
{"level":"info","message":"Server is running on port 3001 in development mode","service":"git-commit-tracker","timestamp":"2026-04-14T05:30:12.810Z"}
{"level":"info","message":"Listening for Webhooks at: http://localhost:3001/webhook/git","service":"git-commit-tracker","timestamp":"2026-04-14T05:30:12.812Z"}
{"level":"info","message":"Server is running on port 3001 in development mode","service":"git-commit-tracker","timestamp":"2026-04-14T05:33:33.032Z"}
{"level":"info","message":"Listening for Webhooks at: http://localhost:3001/webhook/git","service":"git-commit-tracker","timestamp":"2026-04-14T05:33:33.033Z"}
{"level":"info","message":"Incoming Webhook Push Event received","service":"git-commit-tracker","timestamp":"2026-04-14T05:34:13.665Z"}
{"level":"info","message":"Webhook added to queue. Queue size: 1, Active: 0","service":"git-commit-tracker","timestamp":"2026-04-14T05:34:13.667Z"}
{"level":"info","message":"Processing webhook. Queue: 0, Active: 1, Retry: 0","service":"git-commit-tracker","timestamp":"2026-04-14T05:34:13.669Z"}
{"level":"info","message":"--- Inside processPushPayload ---","service":"git-commit-tracker","timestamp":"2026-04-14T05:34:13.669Z"}
{"level":"info","message":"Found 1 commits in payload.","service":"git-commit-tracker","timestamp":"2026-04-14T05:34:13.669Z"}
{"level":"info","message":"::ffff:127.0.0.1 - - [14/Apr/2026:05:34:13 +0000] \"POST /webhook/git HTTP/1.1\" 202 59 \"-\" \"GitHub-Hookshot/2db9b08\"","service":"git-commit-tracker","timestamp":"2026-04-14T05:34:13.671Z"}
{"level":"info","message":"Fetching detailed stats for commit: Psquarecompany-psqrco/MASSAED_CLIENT@c99bf1bbcc348ac171fcd0602d9d3e7e1f0b08a8","service":"git-commit-tracker","timestamp":"2026-04-14T05:34:13.671Z"}
{"level":"info","message":"Successfully fetched details for 1 files in commit c99bf1bbcc348ac171fcd0602d9d3e7e1f0b08a8","service":"git-commit-tracker","timestamp":"2026-04-14T05:34:14.275Z"}
{"level":"info","message":"\n=== Changes for App.tsx (Modified) by sundansharma@Sundans-Mac-mini.local ===","service":"git-commit-tracker","timestamp":"2026-04-14T05:34:14.275Z"}
{"level":"info","message":"Additions: 0 | Deletions: 3","service":"git-commit-tracker","timestamp":"2026-04-14T05:34:14.276Z"}
{"level":"info","message":"====================================================\n","service":"git-commit-tracker","timestamp":"2026-04-14T05:34:14.276Z"}
{"level":"info","message":"Processing 1 file changes for repo MASSAED_CLIENT...","service":"git-commit-tracker","timestamp":"2026-04-14T05:34:14.276Z"}
{"level":"info","message":"Combined 1 file changes into 1 commit rows","service":"git-commit-tracker","timestamp":"2026-04-14T05:34:14.276Z"}
{"level":"info","message":"Calling appendToGoogleSheet with 1 combined rows","service":"git-commit-tracker","timestamp":"2026-04-14T05:34:14.276Z"}
{"level":"info","message":"appendToGoogleSheet called with 1 rows","service":"git-commit-tracker","timestamp":"2026-04-14T05:34:14.277Z"}
{"level":"info","message":"Filtered 1 rows to 1 non-merge commits","service":"git-commit-tracker","timestamp":"2026-04-14T05:34:14.277Z"}
{"level":"info","message":"Loading Google Sheet: 1TjzH-MTenbMadMQwhEI9BFvLSWbA7oXfAG11grjgCTI","service":"git-commit-tracker","timestamp":"2026-04-14T05:34:14.277Z"}
{"level":"info","message":"Successfully loaded Google Sheet","service":"git-commit-tracker","timestamp":"2026-04-14T05:34:15.159Z"}
{"level":"info","message":"Looking for sheet: MASSAED_CLIENT_2026-04","service":"git-commit-tracker","timestamp":"2026-04-14T05:34:15.159Z"}
{"level":"info","message":"Found existing sheet: MASSAED_CLIENT_2026-04","service":"git-commit-tracker","timestamp":"2026-04-14T05:34:15.160Z"}
{"level":"info","message":"Formatting 1 rows","service":"git-commit-tracker","timestamp":"2026-04-14T05:34:15.160Z"}
{"level":"info","message":"Adding 1 rows in chunks of 500","service":"git-commit-tracker","timestamp":"2026-04-14T05:34:15.192Z"}
{"level":"info","message":"Adding chunk 1 with 1 rows","service":"git-commit-tracker","timestamp":"2026-04-14T05:34:15.192Z"}
{"level":"info","message":"Successfully added chunk 1","service":"git-commit-tracker","timestamp":"2026-04-14T05:34:16.331Z"}
{"level":"info","message":"Successfully added 1 rows to MASSAED_CLIENT_2026-04","service":"git-commit-tracker","timestamp":"2026-04-14T05:34:16.331Z"}
{"level":"info","message":"Successfully completed appendToGoogleSheet","service":"git-commit-tracker","timestamp":"2026-04-14T05:34:16.331Z"}
{"level":"info","message":"Webhook processed successfully","service":"git-commit-tracker","timestamp":"2026-04-14T05:34:16.331Z"}
{"level":"info","message":"Incoming Webhook Push Event received","service":"git-commit-tracker","timestamp":"2026-04-14T05:56:59.866Z"}
{"level":"info","message":"Webhook added to queue. Queue size: 1, Active: 0","service":"git-commit-tracker","timestamp":"2026-04-14T05:56:59.869Z"}
{"level":"info","message":"Processing webhook. Queue: 0, Active: 1, Retry: 0","service":"git-commit-tracker","timestamp":"2026-04-14T05:56:59.871Z"}
{"level":"info","message":"--- Inside processPushPayload ---","service":"git-commit-tracker","timestamp":"2026-04-14T05:56:59.871Z"}
{"level":"info","message":"Found 1 commits in payload.","service":"git-commit-tracker","timestamp":"2026-04-14T05:56:59.871Z"}
{"level":"info","message":"::ffff:127.0.0.1 - - [14/Apr/2026:05:56:59 +0000] \"POST /webhook/git HTTP/1.1\" 202 59 \"-\" \"GitHub-Hookshot/2db9b08\"","service":"git-commit-tracker","timestamp":"2026-04-14T05:56:59.871Z"}
{"level":"info","message":"Fetching detailed stats for commit: Psquarecompany-psqrco/MASSAED_CLIENT@1b816c0bcecdb1c7555decd151504fbbadfba827","service":"git-commit-tracker","timestamp":"2026-04-14T05:56:59.872Z"}
{"level":"info","message":"Successfully fetched details for 1 files in commit 1b816c0bcecdb1c7555decd151504fbbadfba827","service":"git-commit-tracker","timestamp":"2026-04-14T05:57:00.413Z"}
{"level":"info","message":"\n=== Changes for App.tsx (Modified) by sundansharma@Sundans-Mac-mini.local ===","service":"git-commit-tracker","timestamp":"2026-04-14T05:57:00.413Z"}
{"level":"info","message":"Additions: 3 | Deletions: 0","service":"git-commit-tracker","timestamp":"2026-04-14T05:57:00.413Z"}
{"level":"info","message":"====================================================\n","service":"git-commit-tracker","timestamp":"2026-04-14T05:57:00.413Z"}
{"level":"info","message":"Processing 1 file changes for repo MASSAED_CLIENT...","service":"git-commit-tracker","timestamp":"2026-04-14T05:57:00.413Z"}
{"level":"info","message":"Combined 1 file changes into 1 commit rows","service":"git-commit-tracker","timestamp":"2026-04-14T05:57:00.413Z"}
{"level":"info","message":"Calling appendToGoogleSheet with 1 combined rows","service":"git-commit-tracker","timestamp":"2026-04-14T05:57:00.413Z"}
{"level":"info","message":"appendToGoogleSheet called with 1 rows","service":"git-commit-tracker","timestamp":"2026-04-14T05:57:00.413Z"}
{"level":"info","message":"Filtered 1 rows to 1 non-merge commits","service":"git-commit-tracker","timestamp":"2026-04-14T05:57:00.413Z"}
{"level":"info","message":"Loading Google Sheet: 1TjzH-MTenbMadMQwhEI9BFvLSWbA7oXfAG11grjgCTI","service":"git-commit-tracker","timestamp":"2026-04-14T05:57:00.413Z"}
{"level":"info","message":"Successfully loaded Google Sheet","service":"git-commit-tracker","timestamp":"2026-04-14T05:57:01.079Z"}
{"level":"info","message":"Looking for sheet: MASSAED_CLIENT_2026-04","service":"git-commit-tracker","timestamp":"2026-04-14T05:57:01.079Z"}
{"level":"info","message":"Found existing sheet: MASSAED_CLIENT_2026-04","service":"git-commit-tracker","timestamp":"2026-04-14T05:57:01.079Z"}
{"level":"info","message":"Formatting 1 rows","service":"git-commit-tracker","timestamp":"2026-04-14T05:57:01.080Z"}
{"level":"info","message":"Adding 1 rows in chunks of 500","service":"git-commit-tracker","timestamp":"2026-04-14T05:57:01.082Z"}
{"level":"info","message":"Adding chunk 1 with 1 rows","service":"git-commit-tracker","timestamp":"2026-04-14T05:57:01.082Z"}
{"level":"info","message":"Successfully added chunk 1","service":"git-commit-tracker","timestamp":"2026-04-14T05:57:02.226Z"}
{"level":"info","message":"Successfully added 1 rows to MASSAED_CLIENT_2026-04","service":"git-commit-tracker","timestamp":"2026-04-14T05:57:02.227Z"}
{"level":"info","message":"Successfully completed appendToGoogleSheet","service":"git-commit-tracker","timestamp":"2026-04-14T05:57:02.227Z"}
{"level":"info","message":"Webhook processed successfully","service":"git-commit-tracker","timestamp":"2026-04-14T05:57:02.227Z"}
{"level":"info","message":"Incoming Webhook Push Event received","service":"git-commit-tracker","timestamp":"2026-04-14T06:00:06.719Z"}
{"level":"info","message":"Webhook added to queue. Queue size: 1, Active: 0","service":"git-commit-tracker","timestamp":"2026-04-14T06:00:06.720Z"}
{"level":"info","message":"Processing webhook. Queue: 0, Active: 1, Retry: 0","service":"git-commit-tracker","timestamp":"2026-04-14T06:00:06.720Z"}
{"level":"info","message":"--- Inside processPushPayload ---","service":"git-commit-tracker","timestamp":"2026-04-14T06:00:06.721Z"}
{"level":"info","message":"Found 1 commits in payload.","service":"git-commit-tracker","timestamp":"2026-04-14T06:00:06.721Z"}
{"level":"info","message":"::ffff:127.0.0.1 - - [14/Apr/2026:06:00:06 +0000] \"POST /webhook/git HTTP/1.1\" 202 59 \"-\" \"GitHub-Hookshot/2db9b08\"","service":"git-commit-tracker","timestamp":"2026-04-14T06:00:06.722Z"}
{"level":"info","message":"Fetching detailed stats for commit: Psquarecompany-psqrco/MASSAED_CLIENT@3bc0d9a22a7a214d8f66f19f0a365e9170697478","service":"git-commit-tracker","timestamp":"2026-04-14T06:00:06.722Z"}
{"level":"info","message":"Successfully fetched details for 1 files in commit 3bc0d9a22a7a214d8f66f19f0a365e9170697478","service":"git-commit-tracker","timestamp":"2026-04-14T06:00:07.206Z"}
{"level":"info","message":"\n=== Changes for App.tsx (Modified) by sundansharma@Sundans-Mac-mini.local ===","service":"git-commit-tracker","timestamp":"2026-04-14T06:00:07.207Z"}
{"level":"info","message":"Additions: 0 | Deletions: 2","service":"git-commit-tracker","timestamp":"2026-04-14T06:00:07.207Z"}
{"level":"info","message":"====================================================\n","service":"git-commit-tracker","timestamp":"2026-04-14T06:00:07.207Z"}
{"level":"info","message":"Processing 1 file changes for repo MASSAED_CLIENT...","service":"git-commit-tracker","timestamp":"2026-04-14T06:00:07.207Z"}
{"level":"info","message":"Combined 1 file changes into 1 commit rows","service":"git-commit-tracker","timestamp":"2026-04-14T06:00:07.207Z"}
{"level":"info","message":"Calling appendToGoogleSheet with 1 combined rows","service":"git-commit-tracker","timestamp":"2026-04-14T06:00:07.207Z"}
{"level":"info","message":"appendToGoogleSheet called with 1 rows","service":"git-commit-tracker","timestamp":"2026-04-14T06:00:07.207Z"}
{"level":"info","message":"Filtered 1 rows to 1 non-merge commits","service":"git-commit-tracker","timestamp":"2026-04-14T06:00:07.207Z"}
{"level":"info","message":"Loading Google Sheet: 1TjzH-MTenbMadMQwhEI9BFvLSWbA7oXfAG11grjgCTI","service":"git-commit-tracker","timestamp":"2026-04-14T06:00:07.207Z"}
{"level":"info","message":"Successfully loaded Google Sheet","service":"git-commit-tracker","timestamp":"2026-04-14T06:00:07.832Z"}
{"level":"info","message":"Looking for sheet: MASSAED_CLIENT_2026-04","service":"git-commit-tracker","timestamp":"2026-04-14T06:00:07.832Z"}
{"level":"info","message":"Found existing sheet: MASSAED_CLIENT_2026-04","service":"git-commit-tracker","timestamp":"2026-04-14T06:00:07.832Z"}
{"level":"info","message":"Formatting 1 rows","service":"git-commit-tracker","timestamp":"2026-04-14T06:00:07.833Z"}
{"level":"info","message":"Adding 1 rows in chunks of 500","service":"git-commit-tracker","timestamp":"2026-04-14T06:00:07.833Z"}
{"level":"info","message":"Adding chunk 1 with 1 rows","service":"git-commit-tracker","timestamp":"2026-04-14T06:00:07.833Z"}
{"level":"info","message":"Successfully added chunk 1","service":"git-commit-tracker","timestamp":"2026-04-14T06:00:09.104Z"}
{"level":"info","message":"Successfully added 1 rows to MASSAED_CLIENT_2026-04","service":"git-commit-tracker","timestamp":"2026-04-14T06:00:09.104Z"}
{"level":"info","message":"Successfully completed appendToGoogleSheet","service":"git-commit-tracker","timestamp":"2026-04-14T06:00:09.104Z"}
{"level":"info","message":"Webhook processed successfully","service":"git-commit-tracker","timestamp":"2026-04-14T06:00:09.104Z"}
{"level":"warn","message":"UPSTASH_REDIS_REST_URL or UPSTASH_REDIS_REST_TOKEN not found in environment variables. Falling back to in-memory queue.","service":"git-commit-tracker","timestamp":"2026-04-14T06:01:57.781Z"}
{"level":"info","message":"Server is running on port 3001 in development mode","service":"git-commit-tracker","timestamp":"2026-04-14T06:01:57.784Z"}
{"level":"info","message":"Listening for Webhooks at: http://localhost:3001/webhook/git","service":"git-commit-tracker","timestamp":"2026-04-14T06:01:57.785Z"}
{"level":"info","message":"Upstash Redis client initialized","service":"git-commit-tracker","timestamp":"2026-04-14T06:02:20.512Z"}
{"level":"info","message":"Server is running on port 3001 in development mode","service":"git-commit-tracker","timestamp":"2026-04-14T06:02:20.515Z"}
{"level":"info","message":"Listening for Webhooks at: http://localhost:3001/webhook/git","service":"git-commit-tracker","timestamp":"2026-04-14T06:02:20.515Z"}
{"level":"info","message":"No queue data found in Redis","service":"git-commit-tracker","timestamp":"2026-04-14T06:02:20.749Z"}
{"level":"info","message":"Incoming Webhook Push Event received","service":"git-commit-tracker","timestamp":"2026-04-14T06:03:15.292Z"}
{"level":"info","message":"Request will be added to queue: Found 1 commits in push event","service":"git-commit-tracker","timestamp":"2026-04-14T06:03:15.292Z"}
{"level":"info","message":"Webhook added to queue. Queue size: 1, Active: 0","service":"git-commit-tracker","timestamp":"2026-04-14T06:03:15.294Z"}
{"level":"info","message":"Processing webhook. Queue: 0, Active: 1, Retry: 0","service":"git-commit-tracker","timestamp":"2026-04-14T06:03:15.294Z"}
{"level":"info","message":"--- Inside processPushPayload ---","service":"git-commit-tracker","timestamp":"2026-04-14T06:03:15.294Z"}
{"level":"info","message":"Found 1 commits in payload.","service":"git-commit-tracker","timestamp":"2026-04-14T06:03:15.294Z"}
{"level":"info","message":"::ffff:127.0.0.1 - - [14/Apr/2026:06:03:15 +0000] \"POST /webhook/git HTTP/1.1\" 202 59 \"-\" \"GitHub-Hookshot/2db9b08\"","service":"git-commit-tracker","timestamp":"2026-04-14T06:03:15.295Z"}
{"level":"info","message":"Fetching detailed stats for commit: Psquarecompany-psqrco/MASSAED_CLIENT@ad1f97bb7a062b65840dbdaa12f2a5ec870733b2","service":"git-commit-tracker","timestamp":"2026-04-14T06:03:15.295Z"}
{"level":"info","message":"Successfully fetched details for 1 files in commit ad1f97bb7a062b65840dbdaa12f2a5ec870733b2","service":"git-commit-tracker","timestamp":"2026-04-14T06:03:15.778Z"}
{"level":"info","message":"\n=== Changes for App.tsx (Modified) by sundansharma@Sundans-Mac-mini.local ===","service":"git-commit-tracker","timestamp":"2026-04-14T06:03:15.778Z"}
{"level":"info","message":"Additions: 3 | Deletions: 0","service":"git-commit-tracker","timestamp":"2026-04-14T06:03:15.779Z"}
{"level":"info","message":"====================================================\n","service":"git-commit-tracker","timestamp":"2026-04-14T06:03:15.779Z"}
{"level":"info","message":"Processing 1 file changes for repo MASSAED_CLIENT...","service":"git-commit-tracker","timestamp":"2026-04-14T06:03:15.779Z"}
{"level":"info","message":"Combined 1 file changes into 1 commit rows","service":"git-commit-tracker","timestamp":"2026-04-14T06:03:15.780Z"}
{"level":"info","message":"Calling appendToGoogleSheet with 1 combined rows","service":"git-commit-tracker","timestamp":"2026-04-14T06:03:15.780Z"}
{"level":"info","message":"appendToGoogleSheet called with 1 rows","service":"git-commit-tracker","timestamp":"2026-04-14T06:03:15.780Z"}
{"level":"info","message":"Filtered 1 rows to 1 non-merge commits","service":"git-commit-tracker","timestamp":"2026-04-14T06:03:15.780Z"}
{"level":"info","message":"Loading Google Sheet: 1TjzH-MTenbMadMQwhEI9BFvLSWbA7oXfAG11grjgCTI","service":"git-commit-tracker","timestamp":"2026-04-14T06:03:15.780Z"}
{"level":"info","message":"Successfully loaded Google Sheet","service":"git-commit-tracker","timestamp":"2026-04-14T06:03:16.918Z"}
{"level":"info","message":"Looking for sheet: MASSAED_CLIENT_2026-04","service":"git-commit-tracker","timestamp":"2026-04-14T06:03:16.918Z"}
{"level":"info","message":"Found existing sheet: MASSAED_CLIENT_2026-04","service":"git-commit-tracker","timestamp":"2026-04-14T06:03:16.919Z"}
{"level":"info","message":"Formatting 1 rows","service":"git-commit-tracker","timestamp":"2026-04-14T06:03:16.919Z"}
{"level":"info","message":"Adding 1 rows in chunks of 500","service":"git-commit-tracker","timestamp":"2026-04-14T06:03:16.946Z"}
{"level":"info","message":"Adding chunk 1 with 1 rows","service":"git-commit-tracker","timestamp":"2026-04-14T06:03:16.947Z"}
{"level":"info","message":"Successfully added chunk 1","service":"git-commit-tracker","timestamp":"2026-04-14T06:03:18.105Z"}
{"level":"info","message":"Successfully added 1 rows to MASSAED_CLIENT_2026-04","service":"git-commit-tracker","timestamp":"2026-04-14T06:03:18.105Z"}
{"level":"info","message":"Successfully completed appendToGoogleSheet","service":"git-commit-tracker","timestamp":"2026-04-14T06:03:18.105Z"}
{"level":"info","message":"Webhook processed successfully","service":"git-commit-tracker","timestamp":"2026-04-14T06:03:18.105Z"}
{"level":"info","message":"Webhook successfully enqueued for processing","service":"git-commit-tracker","timestamp":"2026-04-14T06:03:18.105Z"}
